"Name","Description","Sale PRice","MRP","Measuring Unit","Category1","Sub Category1","Image1","Image2","Image3","Image4","Image5"
"Acne Gel 25 Gm"," Content : Clindamycin Phosphate 3% ,   Nicotinamide Phosphate 3% ,  Salicylic acid 1%        Key Benefits : It helps reduce and  prevents acne blemishes, smooth skin  texture, and keeps the oils in check.  ","199","350","PCS","Creams","","https://prod-flobooks-public.s3.amazonaws.com/uploads/thumbnail/thumbnail_images/d052bb75-67d5-42e2-9566-c58d5bf842c1/Acne_Gel_1.png","https://prod-flobooks-public.s3.amazonaws.com/uploads/thumbnail/thumbnail_images/d052bb75-67d5-42e2-9566-c58d5bf842c1/Acne_Gel_PD.png","https://prod-flobooks-public.s3.amazonaws.com/uploads/thumbnail/thumbnail_images/d052bb75-67d5-42e2-9566-c58d5bf842c1/Acne_Gel_2.png","https://prod-flobooks-public.s3.amazonaws.com/uploads/thumbnail/thumbnail_images/d052bb75-67d5-42e2-9566-c58d5bf842c1/Acne_Gel_3.png","https://prod-flobooks-public.s3.amazonaws.com/uploads/thumbnail/thumbnail_images/d052bb75-67d5-42e2-9566-c58d5bf842c1/Acne_Gel_4.png"
"Acne lightning Peel, 30 ml"," Contents : Resorcinol 15%, Lactic acid 10%, Kojic acid 5%, Salicylic acid 3%, Glycolic acid 25%, Citric acid 10%                                                                                                                                              Key Benefits : In addition to acne scars and age spots, Acne Lightening peel can improve other  forms of hyperpigmentation, such as uneven  skin tone ,melasma ,freckles , surgical scars ,  scars due to injury. ","899","1950","UNT","Combination Peels","","https://prod-flobooks-public.s3.amazonaws.com/uploads/thumbnail/thumbnail_images/cdea0897-9930-4a8e-a8ae-a06339060ef4/Acne_And_Lightening_Peel.png","https://prod-flobooks-public.s3.amazonaws.com/uploads/thumbnail/thumbnail_images/cdea0897-9930-4a8e-a8ae-a06339060ef4/Acne_and_lightning_Peel_PD.png","https://prod-flobooks-public.s3.amazonaws.com/uploads/thumbnail/thumbnail_images/cdea0897-9930-4a8e-a8ae-a06339060ef4/Acne_and_lightning_01_.png","https://prod-flobooks-public.s3.amazonaws.com/uploads/thumbnail/thumbnail_images/cdea0897-9930-4a8e-a8ae-a06339060ef4/Acne_and_lightning_02_.png","https://prod-flobooks-public.s3.amazonaws.com/uploads/thumbnail/thumbnail_images/cdea0897-9930-4a8e-a8ae-a06339060ef4/Acne_and_lightning_03_.png"
"Argan oil 15 ml","  Key Benefits : Use argan oil as a styling product  to smooth your hair and tone down frizz. It can  also protect your hair from heat styling.  ","225","","PCS","Hair Products","","https://prod-flobooks-public.s3.amazonaws.com/uploads/thumbnail/thumbnail_images/5905dfa8-9472-4f7c-b336-64523674ccb7/Morroccan_Argan_Oil_1.png","https://prod-flobooks-public.s3.amazonaws.com/uploads/thumbnail/thumbnail_images/5905dfa8-9472-4f7c-b336-64523674ccb7/morrocan_argan_oil_PD.png","https://prod-flobooks-public.s3.amazonaws.com/uploads/thumbnail/thumbnail_images/5905dfa8-9472-4f7c-b336-64523674ccb7/Morroccan_Argan_Oil_4.png","https://prod-flobooks-public.s3.amazonaws.com/uploads/thumbnail/thumbnail_images/5905dfa8-9472-4f7c-b336-64523674ccb7/Morroccan_Argan_Oil_3.png","https://prod-flobooks-public.s3.amazonaws.com/uploads/thumbnail/thumbnail_images/5905dfa8-9472-4f7c-b336-64523674ccb7/Morroccan_Argan_Oil_2.png"
"Argee Peel, 30 ml"," Contents : Arginine 20%, Lactic acid 40%, Key Benefits : Arginine improves collagen,
 increases elasticity and hydrates the skin ","899","2250","UNT","Combination Peels","","https://prod-flobooks-public.s3.amazonaws.com/uploads/thumbnail/thumbnail_images/330bf11c-55d0-46cf-aeb2-280a704b6c35/Argee_Peel_Mockup.png","https://prod-flobooks-public.s3.amazonaws.com/uploads/thumbnail/thumbnail_images/330bf11c-55d0-46cf-aeb2-280a704b6c35/Argee_Peel_PD.png","https://prod-flobooks-public.s3.amazonaws.com/uploads/thumbnail/thumbnail_images/330bf11c-55d0-46cf-aeb2-280a704b6c35/Argee_Peel_01_.png","https://prod-flobooks-public.s3.amazonaws.com/uploads/thumbnail/thumbnail_images/330bf11c-55d0-46cf-aeb2-280a704b6c35/Argee_Peel_02_.png","https://prod-flobooks-public.s3.amazonaws.com/uploads/thumbnail/thumbnail_images/330bf11c-55d0-46cf-aeb2-280a704b6c35/Argee_Peel_04_.png"
"Bio Peel 50 gm"," Contents : Resorcinol 10%,  Zinc oxide 10%, Starch 6%,  White soft paraffin  ","295","","PCS","Creams","","https://prod-flobooks-public.s3.amazonaws.com/uploads/thumbnail/thumbnail_images/e23ebf3d-d787-4d91-9ecb-6bd466b7059f/Bio_Peel_1.png","https://prod-flobooks-public.s3.amazonaws.com/uploads/thumbnail/thumbnail_images/e23ebf3d-d787-4d91-9ecb-6bd466b7059f/Bio_Peel_2.png","https://prod-flobooks-public.s3.amazonaws.com/uploads/thumbnail/thumbnail_images/e23ebf3d-d787-4d91-9ecb-6bd466b7059f/Bio_Peel_3.png","",""
"Black Peel, 30 ml"," Contents : Black Acetic Acid 10%, Bio Sulphur 2%, Jasmonic Acid 2% Salicylic Acid 15%, Lactic Acid 30%, Potassium Iodide 5%                                                                                                           Key Benefits :Black peel treatment works on acne of all types of black heads, white heads, pimples, pustules,  nodules and cysts as well as acne pigments, scars, brown  spots, fine lines and wrinkles are visibly reduced and  younger looking skin appears  ","1150","3150","UNT","Combination Peels","","https://prod-flobooks-public.s3.amazonaws.com/uploads/thumbnail/thumbnail_images/a9074a0c-6ce0-4ed9-baff-b4f855d2d4b4/Black_Peel_mockup.png","https://prod-flobooks-public.s3.amazonaws.com/uploads/thumbnail/thumbnail_images/a9074a0c-6ce0-4ed9-baff-b4f855d2d4b4/Black_Peel_PD.png","https://prod-flobooks-public.s3.amazonaws.com/uploads/thumbnail/thumbnail_images/a9074a0c-6ce0-4ed9-baff-b4f855d2d4b4/Black_Peel_01.png","https://prod-flobooks-public.s3.amazonaws.com/uploads/thumbnail/thumbnail_images/a9074a0c-6ce0-4ed9-baff-b4f855d2d4b4/Black_Peel_02.png","https://prod-flobooks-public.s3.amazonaws.com/uploads/thumbnail/thumbnail_images/a9074a0c-6ce0-4ed9-baff-b4f855d2d4b4/Black_Peel_04.png"
"Booster Peel for Acne, 30 ml"," Contents : Mandelic acid 20%, Citric acid 10%                                                                                                                           Key Benefits : It Reduces help your post-pimple  marks fade away. unclog your pores and removes blackheads  ","650","1350","UNT","Combination Peels","","https://prod-flobooks-public.s3.amazonaws.com/uploads/thumbnail/thumbnail_images/3e055144-14f2-424a-a54b-ce7aa55d1fc2/Booster_peel_for_Acne.jpg","https://prod-flobooks-public.s3.amazonaws.com/uploads/thumbnail/thumbnail_images/3e055144-14f2-424a-a54b-ce7aa55d1fc2/Booster_Peel_for_Acne.png","https://prod-flobooks-public.s3.amazonaws.com/uploads/thumbnail/thumbnail_images/3e055144-14f2-424a-a54b-ce7aa55d1fc2/BP_ACNE_01.png","https://prod-flobooks-public.s3.amazonaws.com/uploads/thumbnail/thumbnail_images/3e055144-14f2-424a-a54b-ce7aa55d1fc2/BP_ACNE_02.png","https://prod-flobooks-public.s3.amazonaws.com/uploads/thumbnail/thumbnail_images/3e055144-14f2-424a-a54b-ce7aa55d1fc2/BP_ACNE_04.png"
"Booster Peel for Antiaging, 30 ml"," Contents : 20% Citric Acid  Key Benefits : This peel significantly improves  the skinâ€™s ability to retain moisture and  reactivate cell renewal while reducing pigment  based lesions and blemishes . ","599","1230","UNT","Combination Peels","","https://prod-flobooks-public.s3.amazonaws.com/uploads/thumbnail/thumbnail_images/82690241-74a4-4446-8d00-c17b5ecb6578/Booster_for_anti_ageing.jpg","https://prod-flobooks-public.s3.amazonaws.com/uploads/thumbnail/thumbnail_images/82690241-74a4-4446-8d00-c17b5ecb6578/Booster_Peel_for_Antiaging_PD.png","https://prod-flobooks-public.s3.amazonaws.com/uploads/thumbnail/thumbnail_images/82690241-74a4-4446-8d00-c17b5ecb6578/BP_ANTIAGING_01.png","https://prod-flobooks-public.s3.amazonaws.com/uploads/thumbnail/thumbnail_images/82690241-74a4-4446-8d00-c17b5ecb6578/BP_ANTIAGING_02.png","https://prod-flobooks-public.s3.amazonaws.com/uploads/thumbnail/thumbnail_images/82690241-74a4-4446-8d00-c17b5ecb6578/BP_ANTIAGING_04.png"
"Booster Peel for Brightening, 30 ml"," Contents : Kojic acid 3%, Arbutin1%, Citric acid 10%, Vitamin 'C base                                            Key Benefits : It helps to renew and brightens skin with dark spots, uneven tone, blemishes  and signs of photoaging. Reactivates cell.  ","1250","5250","UNT","Combination Peels","","https://prod-flobooks-public.s3.amazonaws.com/uploads/thumbnail/thumbnail_images/8159bfbb-7584-4e35-a1cf-f7a2c5b4ad30/booster_for_brightening.jpg","https://prod-flobooks-public.s3.amazonaws.com/uploads/thumbnail/thumbnail_images/8159bfbb-7584-4e35-a1cf-f7a2c5b4ad30/Booster_Peel_for_Brightening_PD.png","https://prod-flobooks-public.s3.amazonaws.com/uploads/thumbnail/thumbnail_images/8159bfbb-7584-4e35-a1cf-f7a2c5b4ad30/BP__BRIGHTENING_01.png","https://prod-flobooks-public.s3.amazonaws.com/uploads/thumbnail/thumbnail_images/8159bfbb-7584-4e35-a1cf-f7a2c5b4ad30/BP__BRIGHTENING_02.png","https://prod-flobooks-public.s3.amazonaws.com/uploads/thumbnail/thumbnail_images/8159bfbb-7584-4e35-a1cf-f7a2c5b4ad30/BP__BRIGHTENING_04.png"
"Collagen Serum , 30 ml"," Contents : Arginine 5%, Citamin C 20%, Vitamin E  Benefits : Collagen Serums helps Skin Tightening Anti Ageing Skin Firming Raidiance and Glow. ","550","1650","UNT","Serums","","https://prod-flobooks-public.s3.amazonaws.com/uploads/thumbnail/thumbnail_images/4fc42a95-d04a-42c5-9cc7-01706a03ecaf/Collagen_serum.png","https://prod-flobooks-public.s3.amazonaws.com/uploads/thumbnail/thumbnail_images/4fc42a95-d04a-42c5-9cc7-01706a03ecaf/Collagen_Serum.png","https://prod-flobooks-public.s3.amazonaws.com/uploads/thumbnail/thumbnail_images/4fc42a95-d04a-42c5-9cc7-01706a03ecaf/Collagen_Serum_-_4.png","https://prod-flobooks-public.s3.amazonaws.com/uploads/thumbnail/thumbnail_images/4fc42a95-d04a-42c5-9cc7-01706a03ecaf/Collagen_serum_-1.png","https://prod-flobooks-public.s3.amazonaws.com/uploads/thumbnail/thumbnail_images/4fc42a95-d04a-42c5-9cc7-01706a03ecaf/Collagen_Serum-_2.png"
"Corn And Wart Solution 15 Ml","  ","199","","PCS","Combination Peels","","","","","",""
"De-Pigmento Peel, 30 ml"," Content : Arginine 15%, Mandelic Acid 15%, Kojic Acid 10%, Lactic Acid 15%, Glycolic Acid 10%                                                                                                                                                                               Key Benefits : Lactic acid penetrates beneath the surface of  the skin to stimulate collagen  and elastin this causes tight  skin and reduces wrinkles Mandelic acid is very good for dry comedogenic acne. It has very good penetration in oil and  has very good effect in oily skin for acne Glycolic acid is an  alpha-hydroxy acid (aha) obtained from sugar cane, due to its  small size has greater penetration power, therefore better  peeling
  ","899","2250","UNT","Combination Peels","","https://prod-flobooks-public.s3.amazonaws.com/uploads/thumbnail/thumbnail_images/2c35a5fe-c805-4681-9b39-08f6751d0708/De-Pigmento_Peel.png","https://prod-flobooks-public.s3.amazonaws.com/uploads/thumbnail/thumbnail_images/2c35a5fe-c805-4681-9b39-08f6751d0708/De-Pigmento_Peel_PD.png","https://prod-flobooks-public.s3.amazonaws.com/uploads/thumbnail/thumbnail_images/2c35a5fe-c805-4681-9b39-08f6751d0708/Diamond_Peel_01_.png","https://prod-flobooks-public.s3.amazonaws.com/uploads/thumbnail/thumbnail_images/2c35a5fe-c805-4681-9b39-08f6751d0708/Diamond_Peel_02_.png","https://prod-flobooks-public.s3.amazonaws.com/uploads/thumbnail/thumbnail_images/2c35a5fe-c805-4681-9b39-08f6751d0708/Diamond_Peel_04_.png"
"Diamond Peel, 30 ml"," Contents : Lactic acid 15%, Salicylic acid 15% , Kojic acid 1% , Hydrquinone 2% Resorcinol 15%                                                                                                                                                                                    Key Benefits : Produces Collagen Minimizes  Scars Remove Black Heads Improves Skin condition.  ","1250","3750","UNT","Combination Peels","","https://prod-flobooks-public.s3.amazonaws.com/uploads/thumbnail/thumbnail_images/0b309f47-10b4-4f3e-ad0e-c47cee64b21a/Diamond_Peel.png","https://prod-flobooks-public.s3.amazonaws.com/uploads/thumbnail/thumbnail_images/0b309f47-10b4-4f3e-ad0e-c47cee64b21a/Diamond_Peel_PD.png","https://prod-flobooks-public.s3.amazonaws.com/uploads/thumbnail/thumbnail_images/0b309f47-10b4-4f3e-ad0e-c47cee64b21a/Diamond_Peel_02_.png","https://prod-flobooks-public.s3.amazonaws.com/uploads/thumbnail/thumbnail_images/0b309f47-10b4-4f3e-ad0e-c47cee64b21a/Diamond_Peel_04_.png",""
"Ear Lobe Solution , 0.5oz"," 100% Trichloro Acetic Acid                                                                                                                                                            Key Benefits : High-concentration trichloroacetic acid (TCA) 98% solution to the inside edges of the  cleft until frost, followed by occlusion. This creates a contact dermatitis leading to scarring and readhesion of the sides of the cleft .
 ","399","900","UNT","Combination Peels","","https://prod-flobooks-public.s3.amazonaws.com/uploads/thumbnail/thumbnail_images/71d62f3e-8406-43db-9fb0-4f9626a18f67/Earlobe__2.jpg","https://prod-flobooks-public.s3.amazonaws.com/uploads/thumbnail/thumbnail_images/71d62f3e-8406-43db-9fb0-4f9626a18f67/Earlobe_Solution.png","https://prod-flobooks-public.s3.amazonaws.com/uploads/thumbnail/thumbnail_images/71d62f3e-8406-43db-9fb0-4f9626a18f67/Earlobe_4.png","https://prod-flobooks-public.s3.amazonaws.com/uploads/thumbnail/thumbnail_images/71d62f3e-8406-43db-9fb0-4f9626a18f67/Earlobe_3.png","https://prod-flobooks-public.s3.amazonaws.com/uploads/thumbnail/thumbnail_images/71d62f3e-8406-43db-9fb0-4f9626a18f67/Earlobe__2.jpg"
"Erythromycin Lotion, 30 ml"," Contents : Erythromycin 2%                                                                                                                     Key Benefits : This medication is used to treat  acne. It helps to reduce the number of pimples.
 Erythromycin is an antibiotic (macrolide-type). It  works by stopping the growth of bacteria. ","175","525","UNT","Peels","","https://prod-flobooks-public.s3.amazonaws.com/uploads/thumbnail/thumbnail_images/7f77595e-1685-45e0-9854-ea3686cb488f/Erythromycin_Lotion.jpg","https://prod-flobooks-public.s3.amazonaws.com/uploads/thumbnail/thumbnail_images/7f77595e-1685-45e0-9854-ea3686cb488f/Erythromycin_Lotion_PD.png","https://prod-flobooks-public.s3.amazonaws.com/uploads/thumbnail/thumbnail_images/7f77595e-1685-45e0-9854-ea3686cb488f/Erythromycin_Lotion_1.png","https://prod-flobooks-public.s3.amazonaws.com/uploads/thumbnail/thumbnail_images/7f77595e-1685-45e0-9854-ea3686cb488f/Erythromycin_Lotion_2.png","https://prod-flobooks-public.s3.amazonaws.com/uploads/thumbnail/thumbnail_images/7f77595e-1685-45e0-9854-ea3686cb488f/Erythromycin_Lotion_4.png"
"Facial Serum 30 ml","  ","595","","PCS","Serums","","","","","",""
"Fruit Peel, 30 ml"," Contents : Citric acid 30%, Glycolic 35%                                                                                                        
 Key Benefits : Fruit peel is used for aging skin, dark skin patches on the face, and acne scars.  ","899","1950","UNT","Combination Peels","","https://prod-flobooks-public.s3.amazonaws.com/uploads/thumbnail/thumbnail_images/b970ac2d-244b-4e7f-a642-9c80b8175bf7/Fruit_Peel.png","https://prod-flobooks-public.s3.amazonaws.com/uploads/thumbnail/thumbnail_images/b970ac2d-244b-4e7f-a642-9c80b8175bf7/Fruit_Peel_PD.png","https://prod-flobooks-public.s3.amazonaws.com/uploads/thumbnail/thumbnail_images/b970ac2d-244b-4e7f-a642-9c80b8175bf7/Fruit_Peel_01_.png","https://prod-flobooks-public.s3.amazonaws.com/uploads/thumbnail/thumbnail_images/b970ac2d-244b-4e7f-a642-9c80b8175bf7/Fruit_Peel_02_.png","https://prod-flobooks-public.s3.amazonaws.com/uploads/thumbnail/thumbnail_images/b970ac2d-244b-4e7f-a642-9c80b8175bf7/Fruit_Peel_04_.png"
"Glow Cream , 25 gms","  Content : Glycolic 3%, Vitamin C 2%, Kojic 1%, Niacinamide 1%, Arbuitn 1%, Vitamin E, Grape seed extract and licorice extract                                                                                                         Key Benefits : Glow cream moisturises  and gives a natural facelift.
 ","250","600","UNT","Creams","","https://prod-flobooks-public.s3.amazonaws.com/uploads/thumbnail/thumbnail_images/fca28bc5-b603-461c-baa7-80ad78a70ecf/Glow_Cream_1.png","https://prod-flobooks-public.s3.amazonaws.com/uploads/thumbnail/thumbnail_images/fca28bc5-b603-461c-baa7-80ad78a70ecf/Glow_Cream_PD.png","https://prod-flobooks-public.s3.amazonaws.com/uploads/thumbnail/thumbnail_images/fca28bc5-b603-461c-baa7-80ad78a70ecf/Glow_Cream_2.png","https://prod-flobooks-public.s3.amazonaws.com/uploads/thumbnail/thumbnail_images/fca28bc5-b603-461c-baa7-80ad78a70ecf/Glow_Cream_3.png","https://prod-flobooks-public.s3.amazonaws.com/uploads/thumbnail/thumbnail_images/fca28bc5-b603-461c-baa7-80ad78a70ecf/Glow_Cream_4.png"
"Glow Peel, 30ml"," Contents : 10% Arginine, 10% Lactic Acid, 10% Ascorbyl Glucoside, 2% alpha Arbutin   Key Benefits :Glow peel helps in minimizing the  appearance of fine lines, wrinkles, and
 hyperpigmentation issues like age spots, discoloration, and uneven skin tone . ","899","2250","UNT","Combination Peels","","https://prod-flobooks-public.s3.amazonaws.com/uploads/thumbnail/thumbnail_images/04525718-8a30-44c7-9efa-01105540f02e/Glow_Peel.png","https://prod-flobooks-public.s3.amazonaws.com/uploads/thumbnail/thumbnail_images/04525718-8a30-44c7-9efa-01105540f02e/Glow_Peel_PD.png","https://prod-flobooks-public.s3.amazonaws.com/uploads/thumbnail/thumbnail_images/04525718-8a30-44c7-9efa-01105540f02e/Glow_Peel_01.png","https://prod-flobooks-public.s3.amazonaws.com/uploads/thumbnail/thumbnail_images/04525718-8a30-44c7-9efa-01105540f02e/Glow_Peel_03.png","https://prod-flobooks-public.s3.amazonaws.com/uploads/thumbnail/thumbnail_images/04525718-8a30-44c7-9efa-01105540f02e/Glow_Peel_04.png"
"Glycolic Lactic Peel , 30 ml"," Contents : Glycolic Acid 30%, Lactic Acid  40%                                                                                            Key Benefits : Skin Lightening, Skin Hydration,  Skin Whitening, Skin Smoothening,  Pigmentation Removal, Fairness, Anti-ageing,  Nourishment   ","899","2250","UNT","Combination Peels","","https://prod-flobooks-public.s3.amazonaws.com/uploads/thumbnail/thumbnail_images/30d03f41-5316-4a37-a19d-3a4a70efd10f/Glycolic_Lactic_Peel.png","https://prod-flobooks-public.s3.amazonaws.com/uploads/thumbnail/thumbnail_images/30d03f41-5316-4a37-a19d-3a4a70efd10f/Glycolic_Latic_Peel_PD.png","https://prod-flobooks-public.s3.amazonaws.com/uploads/thumbnail/thumbnail_images/30d03f41-5316-4a37-a19d-3a4a70efd10f/Glycolic_Latic_Peel_01_.png","https://prod-flobooks-public.s3.amazonaws.com/uploads/thumbnail/thumbnail_images/30d03f41-5316-4a37-a19d-3a4a70efd10f/Glycolic_Latic_Peel_02_.png","https://prod-flobooks-public.s3.amazonaws.com/uploads/thumbnail/thumbnail_images/30d03f41-5316-4a37-a19d-3a4a70efd10f/Glycolic_Latic_Peel_04_.png"
"Glycolic Peel 10% , 30ml"," Contents :10% Glycolic Acid Key Benefits :   It reduces brown sunspots and
 evens skin tone. Reduces Fine Lines and
 Wrinkles. Brightens and Smooths complexion  ","499","900","UNT","Peels","","https://prod-flobooks-public.s3.amazonaws.com/uploads/thumbnail/thumbnail_images/87b287cd-95db-4891-adaf-d8715b5ddc60/Glycolic_Peel.png","https://prod-flobooks-public.s3.amazonaws.com/uploads/thumbnail/thumbnail_images/87b287cd-95db-4891-adaf-d8715b5ddc60/Glycolic_Peel_PD.png","https://prod-flobooks-public.s3.amazonaws.com/uploads/thumbnail/thumbnail_images/87b287cd-95db-4891-adaf-d8715b5ddc60/Glycolic_Peel_10___03.png","https://prod-flobooks-public.s3.amazonaws.com/uploads/thumbnail/thumbnail_images/87b287cd-95db-4891-adaf-d8715b5ddc60/Glycolic_Peel_10___04.png","https://prod-flobooks-public.s3.amazonaws.com/uploads/thumbnail/thumbnail_images/87b287cd-95db-4891-adaf-d8715b5ddc60/Glycolic_Peel_10__02.png"
"Acne Gel 25 Gm"," Content : Clindamycin Phosphate 3% ,   Nicotinamide Phosphate 3% ,  Salicylic acid 1%        Key Benefits : It helps reduce and  prevents acne blemishes, smooth skin  texture, and keeps the oils in check.  ","199","350","PCS","Creams","","https://prod-flobooks-public.s3.amazonaws.com/uploads/thumbnail/thumbnail_images/d052bb75-67d5-42e2-9566-c58d5bf842c1/Acne_Gel_1.png","https://prod-flobooks-public.s3.amazonaws.com/uploads/thumbnail/thumbnail_images/d052bb75-67d5-42e2-9566-c58d5bf842c1/Acne_Gel_PD.png","https://prod-flobooks-public.s3.amazonaws.com/uploads/thumbnail/thumbnail_images/d052bb75-67d5-42e2-9566-c58d5bf842c1/Acne_Gel_2.png","https://prod-flobooks-public.s3.amazonaws.com/uploads/thumbnail/thumbnail_images/d052bb75-67d5-42e2-9566-c58d5bf842c1/Acne_Gel_3.png","https://prod-flobooks-public.s3.amazonaws.com/uploads/thumbnail/thumbnail_images/d052bb75-67d5-42e2-9566-c58d5bf842c1/Acne_Gel_4.png"
"Glycolic Peel 30%, 30 ml"," Contents : 30% Glycolic Acid  Key Benefits :   It reduces brown sunspots and
 evens skin tone. Reduces Fine Lines and  Wrinkles. Brightens and Smooths complexion . ","599","1200","UNT","Peels","","https://prod-flobooks-public.s3.amazonaws.com/uploads/thumbnail/thumbnail_images/410b3fdb-6a59-4921-bfbf-177dbf13f57a/Glycolic_Peel.png","https://prod-flobooks-public.s3.amazonaws.com/uploads/thumbnail/thumbnail_images/410b3fdb-6a59-4921-bfbf-177dbf13f57a/Glycolic_Peel_PD.png","https://prod-flobooks-public.s3.amazonaws.com/uploads/thumbnail/thumbnail_images/410b3fdb-6a59-4921-bfbf-177dbf13f57a/Glycolic_Peel_30__01.png","https://prod-flobooks-public.s3.amazonaws.com/uploads/thumbnail/thumbnail_images/410b3fdb-6a59-4921-bfbf-177dbf13f57a/Glycolic_Peel_30__02.png","https://prod-flobooks-public.s3.amazonaws.com/uploads/thumbnail/thumbnail_images/410b3fdb-6a59-4921-bfbf-177dbf13f57a/Glycolic_Peel_30__04.png"
"Glycolic Peel 40%, 30 ml"," Contents : 40% Glycolic Acid                                                                                                                             
Key Benefits :   It reduces brown sunspots and  evens skin tone. Reduces Fine Lines and
 Wrinkles. Brightens and Smooths complexion .
 ","650","1350","UNT","Peels","","https://prod-flobooks-public.s3.amazonaws.com/uploads/thumbnail/thumbnail_images/8be48912-db59-4476-9abd-1de9f3f10325/Glycolic_Peel.png","https://prod-flobooks-public.s3.amazonaws.com/uploads/thumbnail/thumbnail_images/8be48912-db59-4476-9abd-1de9f3f10325/Glycolic_Peel_PD.png","https://prod-flobooks-public.s3.amazonaws.com/uploads/thumbnail/thumbnail_images/8be48912-db59-4476-9abd-1de9f3f10325/Glycolic_Peel_40__01.png","https://prod-flobooks-public.s3.amazonaws.com/uploads/thumbnail/thumbnail_images/8be48912-db59-4476-9abd-1de9f3f10325/Glycolic_Peel_40__03.png","https://prod-flobooks-public.s3.amazonaws.com/uploads/thumbnail/thumbnail_images/8be48912-db59-4476-9abd-1de9f3f10325/Glycolic_Peel_40__04.png"
"Glycolic Peel 50%, 30 ml"," Contents : 50% Glycolic Acid                                                                                                                             
Key Benefits :   It reduces brown sunspots and  evens skin tone. Reduces Fine Lines and
 Wrinkles. Brightens and Smooths complexion . ","699","1500","UNT","Peels","","https://prod-flobooks-public.s3.amazonaws.com/uploads/thumbnail/thumbnail_images/eef33951-0361-4f50-9b08-87b3bcdb958e/Glycolic_Peel.png","https://prod-flobooks-public.s3.amazonaws.com/uploads/thumbnail/thumbnail_images/eef33951-0361-4f50-9b08-87b3bcdb958e/Glycolic_Peel_PD.png","https://prod-flobooks-public.s3.amazonaws.com/uploads/thumbnail/thumbnail_images/eef33951-0361-4f50-9b08-87b3bcdb958e/Glycolic_Peel_50___03.png","https://prod-flobooks-public.s3.amazonaws.com/uploads/thumbnail/thumbnail_images/eef33951-0361-4f50-9b08-87b3bcdb958e/Glycolic_Peel_50__01.png","https://prod-flobooks-public.s3.amazonaws.com/uploads/thumbnail/thumbnail_images/eef33951-0361-4f50-9b08-87b3bcdb958e/Glycolic_Peel_50__02.png"
"Glycolic Peel 70%, 30 ml"," Contents : 70% Glycolic Acid                                                                                                                             
Key Benefits :   It reduces brown sunspots and  evens skin tone. Reduces Fine Lines and
 Wrinkles. Brightens and Smooths complexion . ","799","1800","UNT","Peels","","https://prod-flobooks-public.s3.amazonaws.com/uploads/thumbnail/thumbnail_images/77a99fe3-50e5-4673-8d68-34564b87d759/Glycolic_Peel.png","https://prod-flobooks-public.s3.amazonaws.com/uploads/thumbnail/thumbnail_images/77a99fe3-50e5-4673-8d68-34564b87d759/Glycolic_Peel_PD.png","https://prod-flobooks-public.s3.amazonaws.com/uploads/thumbnail/thumbnail_images/77a99fe3-50e5-4673-8d68-34564b87d759/Glyco-70-1.png","https://prod-flobooks-public.s3.amazonaws.com/uploads/thumbnail/thumbnail_images/77a99fe3-50e5-4673-8d68-34564b87d759/Glyco-70-2.png","https://prod-flobooks-public.s3.amazonaws.com/uploads/thumbnail/thumbnail_images/77a99fe3-50e5-4673-8d68-34564b87d759/Glyco-70-4.png"
"Hexyl Resorcinol Peel, 30 ml"," Content : Glycolic acid 34%, Citric acid 10%, Lactic acid 10%, Salicylic acid 3%, Kojic acid 5%, Hexyl resorcinol 2%, Vitamin C 1%                                                                                                        Key Benefits :It can brighten dark spots, treat age  spots, even out skin tone and lighten skin color ","899","2250","UNT","Combination Peels","","https://prod-flobooks-public.s3.amazonaws.com/uploads/thumbnail/thumbnail_images/7e18176c-67d1-48f9-96d0-a7966bb83e3c/Hexyl_Resourcinol_Peel_Mockup.png","https://prod-flobooks-public.s3.amazonaws.com/uploads/thumbnail/thumbnail_images/7e18176c-67d1-48f9-96d0-a7966bb83e3c/Hexyl_Resorcinol_Peel_PD.png","https://prod-flobooks-public.s3.amazonaws.com/uploads/thumbnail/thumbnail_images/7e18176c-67d1-48f9-96d0-a7966bb83e3c/Hexyl_Resorcinol_Peel_01_.png","https://prod-flobooks-public.s3.amazonaws.com/uploads/thumbnail/thumbnail_images/7e18176c-67d1-48f9-96d0-a7966bb83e3c/Hexyl_Resorcinol_Peel_02.png","https://prod-flobooks-public.s3.amazonaws.com/uploads/thumbnail/thumbnail_images/7e18176c-67d1-48f9-96d0-a7966bb83e3c/Hexyl_Resorcinol_Peel_04.png"
"Hyaluronic Acid in Vitamin C , 30 ml"," Contents : 2% Hyaluronic Acid, 10% Vitamin C , Key Benefits : Hydrates Skin, smootens skin
 texture anti ageing reduces dermatitis ","599","1800","UNT","Serums","","https://prod-flobooks-public.s3.amazonaws.com/uploads/thumbnail/thumbnail_images/c28f3680-101c-4781-a589-1419d24e35dc/Hyaluronic_Serum_in_vitamin_c.jpg","https://prod-flobooks-public.s3.amazonaws.com/uploads/thumbnail/thumbnail_images/c28f3680-101c-4781-a589-1419d24e35dc/Hyaluronic_in_Vitamin__C__serum_PD.png","","",""
"Hyaluronic Serum, 30 ml"," Contents : 2% Hyaluronic Acid . Key Benefits : Hydrates Skin, smootens skin
 texture anti ageing reduces dermatitis
 ","550","1650","UNT","Serums","","https://prod-flobooks-public.s3.amazonaws.com/uploads/thumbnail/thumbnail_images/fd938690-f6f6-4482-a609-219dde84dfd9/Hyaluronic_Serum_in_vitamin_c.jpg","https://prod-flobooks-public.s3.amazonaws.com/uploads/thumbnail/thumbnail_images/fd938690-f6f6-4482-a609-219dde84dfd9/Hyaluronic_serum_PD.png","https://prod-flobooks-public.s3.amazonaws.com/uploads/thumbnail/thumbnail_images/fd938690-f6f6-4482-a609-219dde84dfd9/Hyaluronic_serum_-_1.png","https://prod-flobooks-public.s3.amazonaws.com/uploads/thumbnail/thumbnail_images/fd938690-f6f6-4482-a609-219dde84dfd9/Hyaluronic_serum_-_3.png","https://prod-flobooks-public.s3.amazonaws.com/uploads/thumbnail/thumbnail_images/fd938690-f6f6-4482-a609-219dde84dfd9/Hyaluronic_serum_-_4.png"
"Hydroquinone in Vitamin C Serum, 30 ml"," Contents :Hydroquinone 10%, Vitamin 'C'  . Benefits : Treat Hyperpigmentation. ","650","1950","UNT","Serums","","https://prod-flobooks-public.s3.amazonaws.com/uploads/thumbnail/thumbnail_images/52e49ed5-bf66-4bb6-b929-0f380e71469b/hydroquinone_in_Vit_C_serum.jpg","https://prod-flobooks-public.s3.amazonaws.com/uploads/thumbnail/thumbnail_images/52e49ed5-bf66-4bb6-b929-0f380e71469b/Hydroquinone_in_vitamin__C__serum_1.png","https://prod-flobooks-public.s3.amazonaws.com/uploads/thumbnail/thumbnail_images/52e49ed5-bf66-4bb6-b929-0f380e71469b/Hydroquinone_in_vitamin__C__serum_2.png","https://prod-flobooks-public.s3.amazonaws.com/uploads/thumbnail/thumbnail_images/52e49ed5-bf66-4bb6-b929-0f380e71469b/Hydroquinone_in_vitamin__C__serum_3.png","https://prod-flobooks-public.s3.amazonaws.com/uploads/thumbnail/thumbnail_images/52e49ed5-bf66-4bb6-b929-0f380e71469b/Hydroquinone_in_vitamin__C__serum_PD.png"
"Jessners Peel, 30 ml"," Content : Salicylic acid 14%, Lactic acid 14%, Resorcinol 7%, Citric acid 7%                             Key Benefits : Helps to reduce dark patches and age spots even out skin tone reduce the   appearance of scars smooth fine lines and  wrinkles and acne scars.  ","725","1300","UNT","Combination Peels","","https://prod-flobooks-public.s3.amazonaws.com/uploads/thumbnail/thumbnail_images/10a68bba-0ae5-4d67-89e3-c2d8c25f912b/Jessners_Peel.png","https://prod-flobooks-public.s3.amazonaws.com/uploads/thumbnail/thumbnail_images/10a68bba-0ae5-4d67-89e3-c2d8c25f912b/Jessners_Peel_PD.png","https://prod-flobooks-public.s3.amazonaws.com/uploads/thumbnail/thumbnail_images/10a68bba-0ae5-4d67-89e3-c2d8c25f912b/Jessner-1.png","https://prod-flobooks-public.s3.amazonaws.com/uploads/thumbnail/thumbnail_images/10a68bba-0ae5-4d67-89e3-c2d8c25f912b/Jessner-2.png","https://prod-flobooks-public.s3.amazonaws.com/uploads/thumbnail/thumbnail_images/10a68bba-0ae5-4d67-89e3-c2d8c25f912b/Jessner-4.png"
"Klingmanns Whitening Cream , 50 gms"," Contents : Hydroquinone 4% , Retinol 2%, Antibacterial agents qs                                                 Key Benefits : Treats  hyperpigmentation , melasma, sun  tan and diminishes acne spots
 under arm and body tan.  ","350","975","UNT","Creams","","https://prod-flobooks-public.s3.amazonaws.com/uploads/thumbnail/thumbnail_images/806c526f-6465-4779-b8eb-834eb504cd72/Klingmans_1.png","https://prod-flobooks-public.s3.amazonaws.com/uploads/thumbnail/thumbnail_images/806c526f-6465-4779-b8eb-834eb504cd72/Klingmanns_Whitening_Cream_PD.png","https://prod-flobooks-public.s3.amazonaws.com/uploads/thumbnail/thumbnail_images/806c526f-6465-4779-b8eb-834eb504cd72/Klingmans__2.png","https://prod-flobooks-public.s3.amazonaws.com/uploads/thumbnail/thumbnail_images/806c526f-6465-4779-b8eb-834eb504cd72/Klingmans__3.png",""
"koh 20%","  ","395","","UNT","Misc","","","","","",""
"Koh 5% solution","  ","150","","UNT","Misc","","","","","",""
"KOH Solution, 30 ml"," Content : KOH 10%  Key Benefits : Topical 10% potassium hydroxide  aqueous solution applied twice daily on each  molluscum contagiosum lesion until all lesions  undergo inflammation and superficial ulceration  may be effective in clearing molluscum  contagiosum ","195","585","UNT","Peels","","https://prod-flobooks-public.s3.amazonaws.com/uploads/thumbnail/thumbnail_images/6fe02a5d-0a70-4fd2-b85c-1dc89f1aa321/KOH_Soln.jpg","https://prod-flobooks-public.s3.amazonaws.com/uploads/thumbnail/thumbnail_images/6fe02a5d-0a70-4fd2-b85c-1dc89f1aa321/KOH_Solution_PD.png","","",""
"Kojic Fort Peel, 30 ml"," Contents : Glycolic acid 30%, Lactic acid 20%, Kojic acid 15%                                                           
Key Benefits : Kojic Fort Peel can lighten visible sun damage, age spots, or scars. This can result in an anti-aging effect on the skin. In addition to skin-lightening effects.
 ","899","1950","UNT","Combination Peels","","https://prod-flobooks-public.s3.amazonaws.com/uploads/thumbnail/thumbnail_images/1d5ed265-4c28-4f5b-aec7-412f1cacb974/kojic_fort.jpg","https://prod-flobooks-public.s3.amazonaws.com/uploads/thumbnail/thumbnail_images/1d5ed265-4c28-4f5b-aec7-412f1cacb974/Kojic_Fort_Peel-1.png","","",""
"Kojic in Vitamin C Serum, 30 ml"," Contents : Kojic Acid 5%,
Vitamin C    Benefits : Decreases Formation of Melanin in the skin. ","650","1950","UNT","Serums","","https://prod-flobooks-public.s3.amazonaws.com/uploads/thumbnail/thumbnail_images/dced2714-89c3-4c20-80bd-60d97eeb7212/kojic_vitamin_c_serum.png","https://prod-flobooks-public.s3.amazonaws.com/uploads/thumbnail/thumbnail_images/dced2714-89c3-4c20-80bd-60d97eeb7212/Kojic_in_Vitamin_C.png","https://prod-flobooks-public.s3.amazonaws.com/uploads/thumbnail/thumbnail_images/dced2714-89c3-4c20-80bd-60d97eeb7212/Kojic_in_Vitamin_C_-__3.png","https://prod-flobooks-public.s3.amazonaws.com/uploads/thumbnail/thumbnail_images/dced2714-89c3-4c20-80bd-60d97eeb7212/Kojic_in_Vitamin_C_-_1.png","https://prod-flobooks-public.s3.amazonaws.com/uploads/thumbnail/thumbnail_images/dced2714-89c3-4c20-80bd-60d97eeb7212/Kojic_in_Vitamin_C_-_2.png"
"Lactic Kojic Peel, 30 ml"," Contents : Lactic Acid 50%, Kojic acid 10%                                                                                                 
Key Benefits : It is used to treat hyperpigmentation, dehydrated skin, acne,  premature aging, natural skin lightening,  lightens sun damaged skin, fades age spots,  acne marks.  ","899","1950","UNT","Combination Peels","","https://prod-flobooks-public.s3.amazonaws.com/uploads/thumbnail/thumbnail_images/f2038c06-efaf-462b-95dc-002a4972a8e3/Lactic_Kojic_Peel.png","https://prod-flobooks-public.s3.amazonaws.com/uploads/thumbnail/thumbnail_images/f2038c06-efaf-462b-95dc-002a4972a8e3/Lactic_Kojic_Peel_PD.png","https://prod-flobooks-public.s3.amazonaws.com/uploads/thumbnail/thumbnail_images/f2038c06-efaf-462b-95dc-002a4972a8e3/LK_PEEL_01_.png","https://prod-flobooks-public.s3.amazonaws.com/uploads/thumbnail/thumbnail_images/f2038c06-efaf-462b-95dc-002a4972a8e3/LK_PEEL_02_.png","https://prod-flobooks-public.s3.amazonaws.com/uploads/thumbnail/thumbnail_images/f2038c06-efaf-462b-95dc-002a4972a8e3/LK_PEEL_04.png"
"Lactic Peel 10%, 30 ml"," Contents : 10% Lactic Acid                                                                                                                                 
Key Benefits : It helps in improving skin texture  and tone. smoothing fine lines and surface
 wrinkles unblocking and cleansing pores
 ","499","900","UNT","Peels","","https://prod-flobooks-public.s3.amazonaws.com/uploads/thumbnail/thumbnail_images/14a0b643-a041-4c8e-88fb-68000377e240/Lactic_Peel.png","https://prod-flobooks-public.s3.amazonaws.com/uploads/thumbnail/thumbnail_images/14a0b643-a041-4c8e-88fb-68000377e240/Lactic_Peel_PD.png","https://prod-flobooks-public.s3.amazonaws.com/uploads/thumbnail/thumbnail_images/14a0b643-a041-4c8e-88fb-68000377e240/Lactic_Peel_10__01.png","https://prod-flobooks-public.s3.amazonaws.com/uploads/thumbnail/thumbnail_images/14a0b643-a041-4c8e-88fb-68000377e240/Lactic_Peel_10__02.png","https://prod-flobooks-public.s3.amazonaws.com/uploads/thumbnail/thumbnail_images/14a0b643-a041-4c8e-88fb-68000377e240/Lactic_Peel_10__04.png"
"Lactic Peel 20%, 30 ml"," Contents : 20% Lactic Acid                                                                                                                                 
Key Benefits : It helps in improving skin texture  and tone. smoothing fine lines and surface
 wrinkles unblocking and cleansing pores ","550","1050","UNT","Peels","","https://prod-flobooks-public.s3.amazonaws.com/uploads/thumbnail/thumbnail_images/be7f0e75-2c9f-485c-a598-069977c35685/Lactic_Peel.png","https://prod-flobooks-public.s3.amazonaws.com/uploads/thumbnail/thumbnail_images/be7f0e75-2c9f-485c-a598-069977c35685/Lactic_Peel_PD.png","https://prod-flobooks-public.s3.amazonaws.com/uploads/thumbnail/thumbnail_images/be7f0e75-2c9f-485c-a598-069977c35685/Lactic_Peel_20____1_.png","https://prod-flobooks-public.s3.amazonaws.com/uploads/thumbnail/thumbnail_images/be7f0e75-2c9f-485c-a598-069977c35685/Lactic_Peel_20____2_.png","https://prod-flobooks-public.s3.amazonaws.com/uploads/thumbnail/thumbnail_images/be7f0e75-2c9f-485c-a598-069977c35685/Lactic_Peel_20___4_.png"
"Lactic Peel 30%, 30 ml"," Contents : 30% Lactic Acid                                                                                                                                 
Key Benefits : It helps in improving skin texture  and tone. smoothing fine lines and surface
 wrinkles unblocking and cleansing pores ","599","1200","UNT","Peels","","https://prod-flobooks-public.s3.amazonaws.com/uploads/thumbnail/thumbnail_images/68996991-2582-4bdc-a014-2b76ec73d4ff/Lactic_Peel.png","https://prod-flobooks-public.s3.amazonaws.com/uploads/thumbnail/thumbnail_images/68996991-2582-4bdc-a014-2b76ec73d4ff/Lactic_Peel_PD.png","https://prod-flobooks-public.s3.amazonaws.com/uploads/thumbnail/thumbnail_images/68996991-2582-4bdc-a014-2b76ec73d4ff/Lactic_Peel_30___1_.png","https://prod-flobooks-public.s3.amazonaws.com/uploads/thumbnail/thumbnail_images/68996991-2582-4bdc-a014-2b76ec73d4ff/Lactic_Peel_30___4_.png","https://prod-flobooks-public.s3.amazonaws.com/uploads/thumbnail/thumbnail_images/68996991-2582-4bdc-a014-2b76ec73d4ff/Lactic_Peel_30___6_.png"
"Lactic Peel 40%, 30 ml"," Contents : 40% Lactic Acid                                                                                                                                 
Key Benefits : It helps in improving skin texture  and tone. smoothing fine lines and surface
 wrinkles unblocking and cleansing pores ","650","1350","UNT","Peels","","https://prod-flobooks-public.s3.amazonaws.com/uploads/thumbnail/thumbnail_images/f06af4b6-7384-433f-9219-3ff4a65f46ec/Lactic_Peel.png","https://prod-flobooks-public.s3.amazonaws.com/uploads/thumbnail/thumbnail_images/f06af4b6-7384-433f-9219-3ff4a65f46ec/Lactic_Peel_PD.png","https://prod-flobooks-public.s3.amazonaws.com/uploads/thumbnail/thumbnail_images/f06af4b6-7384-433f-9219-3ff4a65f46ec/Lactic_Peel_40____1_.png","https://prod-flobooks-public.s3.amazonaws.com/uploads/thumbnail/thumbnail_images/f06af4b6-7384-433f-9219-3ff4a65f46ec/Lactic_Peel_40___2_.png","https://prod-flobooks-public.s3.amazonaws.com/uploads/thumbnail/thumbnail_images/f06af4b6-7384-433f-9219-3ff4a65f46ec/Lactic_Peel_40___4_.png"
"Glycolic Peel 20% , 30ml"," Contents : 20% Glycolic Acid   Key Benefits :   It reduces brown sunspots and
 evens skin tone. Reduces Fine Lines and  Wrinkles. Brightens and Smooths complexion . ","550","1050","UNT","Peels","","https://prod-flobooks-public.s3.amazonaws.com/uploads/thumbnail/thumbnail_images/519c9c74-55dd-45e4-9273-5e1585757b59/Glycolic_Peel.png","https://prod-flobooks-public.s3.amazonaws.com/uploads/thumbnail/thumbnail_images/519c9c74-55dd-45e4-9273-5e1585757b59/Glycolic_Peel_PD.png","https://prod-flobooks-public.s3.amazonaws.com/uploads/thumbnail/thumbnail_images/519c9c74-55dd-45e4-9273-5e1585757b59/Glycolic_Peel_20__01.png","https://prod-flobooks-public.s3.amazonaws.com/uploads/thumbnail/thumbnail_images/519c9c74-55dd-45e4-9273-5e1585757b59/Glycolic_Peel_20__02.png","https://prod-flobooks-public.s3.amazonaws.com/uploads/thumbnail/thumbnail_images/519c9c74-55dd-45e4-9273-5e1585757b59/Glycolic_Peel_20__04.png"
"Lactic Peel 70%, 30 ml"," Contents : 70% Lactic Acid                                                                                                                                 
Key Benefits : It helps in improving skin texture  and tone. smoothing fine lines and surface
 wrinkles unblocking and cleansing pores ","799","1650","UNT","Peels","","https://prod-flobooks-public.s3.amazonaws.com/uploads/thumbnail/thumbnail_images/78a00e27-3703-4705-a141-e4776d8e8c94/Lactic_Peel.png","https://prod-flobooks-public.s3.amazonaws.com/uploads/thumbnail/thumbnail_images/78a00e27-3703-4705-a141-e4776d8e8c94/Lactic_Peel_PD.png","https://prod-flobooks-public.s3.amazonaws.com/uploads/thumbnail/thumbnail_images/78a00e27-3703-4705-a141-e4776d8e8c94/Lactic-70-1.png","https://prod-flobooks-public.s3.amazonaws.com/uploads/thumbnail/thumbnail_images/78a00e27-3703-4705-a141-e4776d8e8c94/lactic-70-2.png","https://prod-flobooks-public.s3.amazonaws.com/uploads/thumbnail/thumbnail_images/78a00e27-3703-4705-a141-e4776d8e8c94/Lactic-70-4.png"
"Liftening Lightning Peel, 30 ml"," Contents : Glycolic acid 20%, Arginine 20%, Lactic acid 20%, Kojic acid 5%, Citric acid 3%, Mandelic acid 10%                                                                                                                                                 Key Benefits : It has a lightening action and restores luminosity to the skin. It is exfoliant,  keratolytic and regenerating  ","899","2250","UNT","Combination Peels","","https://prod-flobooks-public.s3.amazonaws.com/uploads/thumbnail/thumbnail_images/84ff6304-46d6-459e-8844-0b7dbc44be04/Liftning_Lightening_Peel_mockup.png","https://prod-flobooks-public.s3.amazonaws.com/uploads/thumbnail/thumbnail_images/84ff6304-46d6-459e-8844-0b7dbc44be04/Liftening_Lightning_Peel_PD.png","https://prod-flobooks-public.s3.amazonaws.com/uploads/thumbnail/thumbnail_images/84ff6304-46d6-459e-8844-0b7dbc44be04/Liftening_Lightning_Peel_01_.png","https://prod-flobooks-public.s3.amazonaws.com/uploads/thumbnail/thumbnail_images/84ff6304-46d6-459e-8844-0b7dbc44be04/Liftening_Lightning_Peel_02.png","https://prod-flobooks-public.s3.amazonaws.com/uploads/thumbnail/thumbnail_images/84ff6304-46d6-459e-8844-0b7dbc44be04/Liftening_Lightning_Peel_04_.png"
"Lip Peel , 30 ml"," Contents : Arginine 5%, Vitamin C 20%, Vitamin E                                                                                   Key Benefits : Removes dead skin cells and  improves lip smoothness and brightness. A lip
 peel can help to stimulate collagen and fullness. Lip peel can help to bring them back to their natural coloring.
  ","899","2250","UNT","Combination Peels","","https://prod-flobooks-public.s3.amazonaws.com/uploads/thumbnail/thumbnail_images/47ccbc73-a81b-4385-8a52-85ab2e23ba7e/Lip_Peel.png","https://prod-flobooks-public.s3.amazonaws.com/uploads/thumbnail/thumbnail_images/47ccbc73-a81b-4385-8a52-85ab2e23ba7e/Lip_Peel_PD.png","https://prod-flobooks-public.s3.amazonaws.com/uploads/thumbnail/thumbnail_images/47ccbc73-a81b-4385-8a52-85ab2e23ba7e/Lip_Peel_01_.png","https://prod-flobooks-public.s3.amazonaws.com/uploads/thumbnail/thumbnail_images/47ccbc73-a81b-4385-8a52-85ab2e23ba7e/Lip_Peel_02_.png","https://prod-flobooks-public.s3.amazonaws.com/uploads/thumbnail/thumbnail_images/47ccbc73-a81b-4385-8a52-85ab2e23ba7e/Lip_Peel_04_.png"
"Mandelic Acnil Peel, 30 ml"," Contents : Mandalic Acid 20% , Salicylic Acid 15%, Glycolic Acid 20%                                            Key Benefits : Improves skin appearance. Helps Remove acne, fine lines, wrinkles, and dull
 complexion.
 ","899","1950","UNT","Combination Peels","","https://prod-flobooks-public.s3.amazonaws.com/uploads/thumbnail/thumbnail_images/85bc1feb-6998-4c35-9fab-cc0d88542c53/Mandelic_Ancil_Peel.png","https://prod-flobooks-public.s3.amazonaws.com/uploads/thumbnail/thumbnail_images/85bc1feb-6998-4c35-9fab-cc0d88542c53/Mandelic_Acnil_Peel_PD.png","https://prod-flobooks-public.s3.amazonaws.com/uploads/thumbnail/thumbnail_images/85bc1feb-6998-4c35-9fab-cc0d88542c53/Mandelic_Acnil_Peel_01_.png","https://prod-flobooks-public.s3.amazonaws.com/uploads/thumbnail/thumbnail_images/85bc1feb-6998-4c35-9fab-cc0d88542c53/Mandelic_Acnil_Peel_02_.png","https://prod-flobooks-public.s3.amazonaws.com/uploads/thumbnail/thumbnail_images/85bc1feb-6998-4c35-9fab-cc0d88542c53/Mandelic_Acnil_Peel_04_.png"
"Mandelic G Peel, 30 ml"," Contents : Mandelic Acid 20%, Glycolic acid 5%                                                                                          Key Benefits : Prevents spots , antiaging benefits ,  treats Acne safe for sensitive skin. It reduces brown  sunspots and evens skin tone. Reduces Fine Lines  and Wrinkles. Brightens and Smooths complexion. ","899","1575","UNT","Combination Peels","","https://prod-flobooks-public.s3.amazonaws.com/uploads/thumbnail/thumbnail_images/4a204151-a7a7-42e0-b997-556bcdf466a6/mandelic_G_peel.jpg","https://prod-flobooks-public.s3.amazonaws.com/uploads/thumbnail/thumbnail_images/4a204151-a7a7-42e0-b997-556bcdf466a6/Mandelic_G_Peel_PD.png","https://prod-flobooks-public.s3.amazonaws.com/uploads/thumbnail/thumbnail_images/4a204151-a7a7-42e0-b997-556bcdf466a6/Mandelic_G_Peel_01.png","https://prod-flobooks-public.s3.amazonaws.com/uploads/thumbnail/thumbnail_images/4a204151-a7a7-42e0-b997-556bcdf466a6/Mandelic_G_Peel_02.png","https://prod-flobooks-public.s3.amazonaws.com/uploads/thumbnail/thumbnail_images/4a204151-a7a7-42e0-b997-556bcdf466a6/Mandelic_G_Peel_04.png"
"Mandelic L Peel, 30 ml"," Contents : Mandalic Acid 35% , Lactic acid 20%                                                                                       
Key Benefits : Prevents spots , antiaging benefits ,  treats Acne safe for sensitive skin. improving skin  texture and tone. smoothing fine lines and surface  wrinkles unblocking and cleansing pores. ","899","1950","UNT","Combination Peels","","https://prod-flobooks-public.s3.amazonaws.com/uploads/thumbnail/thumbnail_images/02f3452e-1890-4409-b3a8-8fceb8e1e926/mandelic_L_peel.jpg","https://prod-flobooks-public.s3.amazonaws.com/uploads/thumbnail/thumbnail_images/02f3452e-1890-4409-b3a8-8fceb8e1e926/Mandelic_L_Peel_PD.png","https://prod-flobooks-public.s3.amazonaws.com/uploads/thumbnail/thumbnail_images/02f3452e-1890-4409-b3a8-8fceb8e1e926/Mandelic_L_Peel_01.png","https://prod-flobooks-public.s3.amazonaws.com/uploads/thumbnail/thumbnail_images/02f3452e-1890-4409-b3a8-8fceb8e1e926/Mandelic_L_Peel_02.png","https://prod-flobooks-public.s3.amazonaws.com/uploads/thumbnail/thumbnail_images/02f3452e-1890-4409-b3a8-8fceb8e1e926/Mandelic_L_Peel_04.png"
"Mandelic Peel 10%, 30 ml"," Contents :10% Mandelic Acid                                                                                                                            
 Key Benefits : Prevents spots , antiaging  benefits , treats Acne safe for sensitive skin.
  ","450","900","UNT","Peels","","https://prod-flobooks-public.s3.amazonaws.com/uploads/thumbnail/thumbnail_images/c9098f58-9ac7-492e-9a76-8049c5bc9209/Mandelic_Peel.png","https://prod-flobooks-public.s3.amazonaws.com/uploads/thumbnail/thumbnail_images/c9098f58-9ac7-492e-9a76-8049c5bc9209/Mandelic_Peel_PD.png","https://prod-flobooks-public.s3.amazonaws.com/uploads/thumbnail/thumbnail_images/c9098f58-9ac7-492e-9a76-8049c5bc9209/Mandelic_Peel_10__01.png","https://prod-flobooks-public.s3.amazonaws.com/uploads/thumbnail/thumbnail_images/c9098f58-9ac7-492e-9a76-8049c5bc9209/Mandelic_Peel_10__02.png","https://prod-flobooks-public.s3.amazonaws.com/uploads/thumbnail/thumbnail_images/c9098f58-9ac7-492e-9a76-8049c5bc9209/Mandelic_Peel_10__04.png"
"Mandelic Peel 20%, 30 ml"," Contents :20% Mandelic Acid                                                                                                                            
 Key Benefits : Prevents spots , antiaging  benefits , treats Acne safe for sensitive skin. ","599","1200","UNT","Peels","","https://prod-flobooks-public.s3.amazonaws.com/uploads/thumbnail/thumbnail_images/75780445-9fb6-41e6-b28f-61fab30e88c5/Mandelic_Peel.png","https://prod-flobooks-public.s3.amazonaws.com/uploads/thumbnail/thumbnail_images/75780445-9fb6-41e6-b28f-61fab30e88c5/Mandelic_Peel_PD.png","https://prod-flobooks-public.s3.amazonaws.com/uploads/thumbnail/thumbnail_images/75780445-9fb6-41e6-b28f-61fab30e88c5/Mandelic_Peel_20___01.png","https://prod-flobooks-public.s3.amazonaws.com/uploads/thumbnail/thumbnail_images/75780445-9fb6-41e6-b28f-61fab30e88c5/Mandelic_Peel_20__04.png","https://prod-flobooks-public.s3.amazonaws.com/uploads/thumbnail/thumbnail_images/75780445-9fb6-41e6-b28f-61fab30e88c5/Mandelic_Peel_10__02.png"
"Mandelic Peel 30%, 30 ml"," Contents :30% Mandelic Acid                                                                                                                            
 Key Benefits : Prevents spots , antiaging  benefits , treats Acne safe for sensitive skin. ","650","1350","UNT","Peels","","https://prod-flobooks-public.s3.amazonaws.com/uploads/thumbnail/thumbnail_images/6a3d89e7-f576-46fc-aa3d-38aab8b4b79a/Mandelic_Peel.png","https://prod-flobooks-public.s3.amazonaws.com/uploads/thumbnail/thumbnail_images/6a3d89e7-f576-46fc-aa3d-38aab8b4b79a/Mandelic_Peel_PD.png","https://prod-flobooks-public.s3.amazonaws.com/uploads/thumbnail/thumbnail_images/6a3d89e7-f576-46fc-aa3d-38aab8b4b79a/Mandelic_Peel_30___01.png","https://prod-flobooks-public.s3.amazonaws.com/uploads/thumbnail/thumbnail_images/6a3d89e7-f576-46fc-aa3d-38aab8b4b79a/Mandelic_Peel_30___02.png","https://prod-flobooks-public.s3.amazonaws.com/uploads/thumbnail/thumbnail_images/6a3d89e7-f576-46fc-aa3d-38aab8b4b79a/Mandelic_Peel_30__04.png"
"Mandelic Peel 40%, 30 ml"," Contents :40% Mandelic Acid                                                                                                                            
 Key Benefits : Prevents spots , antiaging  benefits , treats Acne safe for sensitive skin. ","699","1500","UNT","Peels","","https://prod-flobooks-public.s3.amazonaws.com/uploads/thumbnail/thumbnail_images/288ef57a-d274-4b35-942c-c2b374bbc47d/Mandelic_Peel.png","https://prod-flobooks-public.s3.amazonaws.com/uploads/thumbnail/thumbnail_images/288ef57a-d274-4b35-942c-c2b374bbc47d/Mandelic_Peel_PD.png","https://prod-flobooks-public.s3.amazonaws.com/uploads/thumbnail/thumbnail_images/288ef57a-d274-4b35-942c-c2b374bbc47d/Mandelic_Peel_40___2_.png","https://prod-flobooks-public.s3.amazonaws.com/uploads/thumbnail/thumbnail_images/288ef57a-d274-4b35-942c-c2b374bbc47d/Mandelic_Peel_40__04.png","https://prod-flobooks-public.s3.amazonaws.com/uploads/thumbnail/thumbnail_images/288ef57a-d274-4b35-942c-c2b374bbc47d/Mandelic_Peel_40_.png"
"Mandelic Peel 50%, 30 ml"," Contents :40% Mandelic Acid                                                                                                                            
 Key Benefits : Prevents spots , antiaging  benefits , treats Acne safe for sensitive skin. ","699","1650","UNT","Peels","","https://prod-flobooks-public.s3.amazonaws.com/uploads/thumbnail/thumbnail_images/b70ae7be-e33c-484f-b64d-6f32a15a1dc6/Mandelic_Peel.png","https://prod-flobooks-public.s3.amazonaws.com/uploads/thumbnail/thumbnail_images/b70ae7be-e33c-484f-b64d-6f32a15a1dc6/Mandelic_Peel_PD.png","https://prod-flobooks-public.s3.amazonaws.com/uploads/thumbnail/thumbnail_images/b70ae7be-e33c-484f-b64d-6f32a15a1dc6/Mandelic_Peel_50__01.png","https://prod-flobooks-public.s3.amazonaws.com/uploads/thumbnail/thumbnail_images/b70ae7be-e33c-484f-b64d-6f32a15a1dc6/Mandelic_Peel_50__02.png","https://prod-flobooks-public.s3.amazonaws.com/uploads/thumbnail/thumbnail_images/b70ae7be-e33c-484f-b64d-6f32a15a1dc6/Mandelic_Peel_50__04.png"
"Mandelic Peel 70%, 30 ml"," Contents :70% Mandelic Acid                                                                                                                            
 Key Benefits : Prevents spots , antiaging  benefits , treats Acne safe for sensitive skin. ","899","1800","UNT","Peels","","https://prod-flobooks-public.s3.amazonaws.com/uploads/thumbnail/thumbnail_images/f2ff9eb4-aa97-4d94-80de-a30b629553bf/Mandelic_Peel.png","https://prod-flobooks-public.s3.amazonaws.com/uploads/thumbnail/thumbnail_images/f2ff9eb4-aa97-4d94-80de-a30b629553bf/Mandelic_Peel_PD.png","https://prod-flobooks-public.s3.amazonaws.com/uploads/thumbnail/thumbnail_images/f2ff9eb4-aa97-4d94-80de-a30b629553bf/Mandelic_70-3.png","https://prod-flobooks-public.s3.amazonaws.com/uploads/thumbnail/thumbnail_images/f2ff9eb4-aa97-4d94-80de-a30b629553bf/Mandelic_70-4.png","https://prod-flobooks-public.s3.amazonaws.com/uploads/thumbnail/thumbnail_images/f2ff9eb4-aa97-4d94-80de-a30b629553bf/Mandelic-70-1.png"
"Melasmonil Peel, 30 ml"," Contents : Glycolic Acid 10%, Lactic Acid 15%, Citric Acid 10%, Kojic Acid 10%                         Key Benefits :  It can help with melasma, sun  spots and post-inflammatory  hyperpigmentation1. It can also help with  firming, brightening, tightening and lightening
 skin.
 ","899","1950","UNT","Combination Peels","","https://prod-flobooks-public.s3.amazonaws.com/uploads/thumbnail/thumbnail_images/a8c7323b-e8a1-4b29-9372-0796b2f45d49/Melasmonil_peel.jpg","https://prod-flobooks-public.s3.amazonaws.com/uploads/thumbnail/thumbnail_images/a8c7323b-e8a1-4b29-9372-0796b2f45d49/Melasmonil_Peel_PD.png","https://prod-flobooks-public.s3.amazonaws.com/uploads/thumbnail/thumbnail_images/a8c7323b-e8a1-4b29-9372-0796b2f45d49/Melasmonil_Peel_01_.png","https://prod-flobooks-public.s3.amazonaws.com/uploads/thumbnail/thumbnail_images/a8c7323b-e8a1-4b29-9372-0796b2f45d49/Melasmonil_Peel_02_.png","https://prod-flobooks-public.s3.amazonaws.com/uploads/thumbnail/thumbnail_images/a8c7323b-e8a1-4b29-9372-0796b2f45d49/Melasmonil_Peel_04_.png"
"Melas Peel, 30 ml"," Contents : Lactic acid 20%, TCA 10%, Citric acid 10%, Hydrquinone 2%, Kojic acid 1%         Key Benefits : Specially treats melasma  Improves skin texture and tone Treatment hyperpigmentation and sun burn.
 ","950","2850","UNT","Combination Peels","","https://prod-flobooks-public.s3.amazonaws.com/uploads/thumbnail/thumbnail_images/1d43f701-a2c8-42df-8efe-cb7fbc6f3fbd/Melas_Peel.png","https://prod-flobooks-public.s3.amazonaws.com/uploads/thumbnail/thumbnail_images/1d43f701-a2c8-42df-8efe-cb7fbc6f3fbd/Melas_Peel_PD.png","https://prod-flobooks-public.s3.amazonaws.com/uploads/thumbnail/thumbnail_images/1d43f701-a2c8-42df-8efe-cb7fbc6f3fbd/Melas_Peel_01_.png","https://prod-flobooks-public.s3.amazonaws.com/uploads/thumbnail/thumbnail_images/1d43f701-a2c8-42df-8efe-cb7fbc6f3fbd/Melas_Peel_02_.png","https://prod-flobooks-public.s3.amazonaws.com/uploads/thumbnail/thumbnail_images/1d43f701-a2c8-42df-8efe-cb7fbc6f3fbd/Melas_Peel_04_.png"
"Milk Peel, 30 ml"," Contents : Kojic acid 10%, Lactic acid 8% ,Vitamin 'C' 10%                                                                 
 Key Benefits : The milk peel can be used to treat  acne, enlarge pores, dull and dry skin, wrinkles,  pigmentation or sun damage.
  ","899","1950","UNT","Combination Peels","","https://prod-flobooks-public.s3.amazonaws.com/uploads/thumbnail/thumbnail_images/76c2b9f0-cc32-4aca-95cc-663093af0e7c/Milk_peel.jpg","https://prod-flobooks-public.s3.amazonaws.com/uploads/thumbnail/thumbnail_images/76c2b9f0-cc32-4aca-95cc-663093af0e7c/Milk_Peel_PD.png","https://prod-flobooks-public.s3.amazonaws.com/uploads/thumbnail/thumbnail_images/76c2b9f0-cc32-4aca-95cc-663093af0e7c/Milk_Peel_01.png","https://prod-flobooks-public.s3.amazonaws.com/uploads/thumbnail/thumbnail_images/76c2b9f0-cc32-4aca-95cc-663093af0e7c/Milk_Peel_02.png","https://prod-flobooks-public.s3.amazonaws.com/uploads/thumbnail/thumbnail_images/76c2b9f0-cc32-4aca-95cc-663093af0e7c/Milk_Peel_04_.png"
"Neutralizer 100ml","  ","250","","BTL","Misc","","","","","",""
"Neutralizer , 30 ml"," Key Benefits : Post Chemical Peel Neutralizer
 spray ends the peeling process and helps your
 skin get its optimal pH balance back again ","125","375","UNT","Peels","","https://prod-flobooks-public.s3.amazonaws.com/uploads/thumbnail/thumbnail_images/1bb239eb-ae1c-4eff-8935-131f5a22a0b2/Neutralizer_1.png","https://prod-flobooks-public.s3.amazonaws.com/uploads/thumbnail/thumbnail_images/1bb239eb-ae1c-4eff-8935-131f5a22a0b2/Neutralizer_PD.png","https://prod-flobooks-public.s3.amazonaws.com/uploads/thumbnail/thumbnail_images/1bb239eb-ae1c-4eff-8935-131f5a22a0b2/Neutralizer_2.png","https://prod-flobooks-public.s3.amazonaws.com/uploads/thumbnail/thumbnail_images/1bb239eb-ae1c-4eff-8935-131f5a22a0b2/Neutralizer_3.png","https://prod-flobooks-public.s3.amazonaws.com/uploads/thumbnail/thumbnail_images/1bb239eb-ae1c-4eff-8935-131f5a22a0b2/Neutralizer_4.png"
"Niacinamide Serum , 30 ml"," Contents : Vitamin B3 10%, Vitamin C 20%,   Benefits :  Support Skin Barrier, Increases its Resiliency and improves texture by making pores look smaller, Helps balance Oil production. ","450","1350","UNT","Serums","","https://prod-flobooks-public.s3.amazonaws.com/uploads/thumbnail/thumbnail_images/ea89bea0-cc5f-4a19-afa9-b2c6ab8601ca/Niacinamide_serum.png","https://prod-flobooks-public.s3.amazonaws.com/uploads/thumbnail/thumbnail_images/ea89bea0-cc5f-4a19-afa9-b2c6ab8601ca/Niacinamide_-_3.png","https://prod-flobooks-public.s3.amazonaws.com/uploads/thumbnail/thumbnail_images/ea89bea0-cc5f-4a19-afa9-b2c6ab8601ca/Niacinamide_-_4.png","https://prod-flobooks-public.s3.amazonaws.com/uploads/thumbnail/thumbnail_images/ea89bea0-cc5f-4a19-afa9-b2c6ab8601ca/Niacinamide_-2.png","https://prod-flobooks-public.s3.amazonaws.com/uploads/thumbnail/thumbnail_images/ea89bea0-cc5f-4a19-afa9-b2c6ab8601ca/10__Niacinamide_Serum.png"
"Nomelan Fenol Light (Body Peel) , 30ml"," Contents : 15% TCA, 8% Phenol                                                                                                                       Key Benefits : It removes the dirt and debris filled  up in the pores. it also stimulates the cell renewal  in the skin. This ingredient of nomelan phenol  peel works on the appearance and quality of the  skin in totality.
  ","950","2250","UNT","Combination Peels","","https://prod-flobooks-public.s3.amazonaws.com/uploads/thumbnail/thumbnail_images/3da03a92-9477-42dc-9259-d89f3e2db501/Nomelan_Fenol_Light__Body_Peel_.png","https://prod-flobooks-public.s3.amazonaws.com/uploads/thumbnail/thumbnail_images/3da03a92-9477-42dc-9259-d89f3e2db501/Nomelan_Fenol_Light__Body_Peel__PD.png","https://prod-flobooks-public.s3.amazonaws.com/uploads/thumbnail/thumbnail_images/3da03a92-9477-42dc-9259-d89f3e2db501/Nomelan_Fenol_Light__Body_Peel__04.png","https://prod-flobooks-public.s3.amazonaws.com/uploads/thumbnail/thumbnail_images/3da03a92-9477-42dc-9259-d89f3e2db501/Nomelan_Fenol_Light__Body_Peel__02.png","https://prod-flobooks-public.s3.amazonaws.com/uploads/thumbnail/thumbnail_images/3da03a92-9477-42dc-9259-d89f3e2db501/Nomelan_Fenol_Light__Body_Peel__01_.png"
"Nomelan Fenol Light (Face Peel),30ml"," Contents :10% TCA, 4% Phenol Key Benefits : It removes the dirt and debris filled
 up in the pores. it also stimulates the cell renewal  in the skin. This ingredient of nomelan phenol  peel works on the appearance and quality of the  skin in totality.
  ","899","1950","UNT","Combination Peels","","https://prod-flobooks-public.s3.amazonaws.com/uploads/thumbnail/thumbnail_images/ada9d43d-e734-4836-b62a-4881662a9a86/Nomelan_Fenol_Light__Body_Peel_.png","https://prod-flobooks-public.s3.amazonaws.com/uploads/thumbnail/thumbnail_images/ada9d43d-e734-4836-b62a-4881662a9a86/Nomelan_Fenol_Light__Face_Peel__PD.png","https://prod-flobooks-public.s3.amazonaws.com/uploads/thumbnail/thumbnail_images/ada9d43d-e734-4836-b62a-4881662a9a86/Nomelan_Fenol_Light__Face_Peel__04.png","https://prod-flobooks-public.s3.amazonaws.com/uploads/thumbnail/thumbnail_images/ada9d43d-e734-4836-b62a-4881662a9a86/Nomelan_Fenol_Light__Face_Peel__02.png","https://prod-flobooks-public.s3.amazonaws.com/uploads/thumbnail/thumbnail_images/ada9d43d-e734-4836-b62a-4881662a9a86/Nomelan_Fenol_Light__Face_Peel__01.png"
"Lactic Peel 50%, 30 ml"," Contents : 50% Lactic Acid                                                                                                                                 
Key Benefits : It helps in improving skin texture  and tone. smoothing fine lines and surface
 wrinkles unblocking and cleansing pores ","699","1500","UNT","Peels","","https://prod-flobooks-public.s3.amazonaws.com/uploads/thumbnail/thumbnail_images/5937c5d5-cf36-4956-af86-6931a42c57d2/Lactic_Peel.png","https://prod-flobooks-public.s3.amazonaws.com/uploads/thumbnail/thumbnail_images/5937c5d5-cf36-4956-af86-6931a42c57d2/Lactic_Peel_PD.png","https://prod-flobooks-public.s3.amazonaws.com/uploads/thumbnail/thumbnail_images/5937c5d5-cf36-4956-af86-6931a42c57d2/Lactic_Peel_50___1_.png","https://prod-flobooks-public.s3.amazonaws.com/uploads/thumbnail/thumbnail_images/5937c5d5-cf36-4956-af86-6931a42c57d2/Lactic_Peel_50___2_.png","https://prod-flobooks-public.s3.amazonaws.com/uploads/thumbnail/thumbnail_images/5937c5d5-cf36-4956-af86-6931a42c57d2/Lactic_Peel_50___4_.png"
"Party Peel, 30 ml"," Contents : Glycolic Acid 30%, Lactic Acid 20%, Arginine 20%  Key Benefits : Arginine improves collagen,  increases elasticity and hydrates the skin. ","899","2250","UNT","Combination Peels","","https://prod-flobooks-public.s3.amazonaws.com/uploads/thumbnail/thumbnail_images/c5d41661-fd06-4ef2-b1fb-1819a0d4bc07/Party_Peel.png","https://prod-flobooks-public.s3.amazonaws.com/uploads/thumbnail/thumbnail_images/c5d41661-fd06-4ef2-b1fb-1819a0d4bc07/Party_Peel_PD.png","https://prod-flobooks-public.s3.amazonaws.com/uploads/thumbnail/thumbnail_images/c5d41661-fd06-4ef2-b1fb-1819a0d4bc07/Party_Peel_04.png","https://prod-flobooks-public.s3.amazonaws.com/uploads/thumbnail/thumbnail_images/c5d41661-fd06-4ef2-b1fb-1819a0d4bc07/Party_Peel_02.png","https://prod-flobooks-public.s3.amazonaws.com/uploads/thumbnail/thumbnail_images/c5d41661-fd06-4ef2-b1fb-1819a0d4bc07/Party_Peel_01.png"
"phenol 5%","  ","325","","PCS","Misc","","","","","",""
"Pigment Correction Peel, 30 ml"," Contents : Lactic Acid 10%, Kojic Acid 5%, Salicylic Acid 2%, Citric Acid 10%, Hydroquinone 2%  Key Benefits : Pigment Peel will help reduce  age spots, freckles, blotchy uneven skin tones,  acne scars and brown spots can add years to  your complexion
  ","899","1950","UNT","Combination Peels","","https://prod-flobooks-public.s3.amazonaws.com/uploads/thumbnail/thumbnail_images/47a43232-174c-467b-a18f-d38d0ed5c661/Pigment_Correction_Peel_mockup.png","https://prod-flobooks-public.s3.amazonaws.com/uploads/thumbnail/thumbnail_images/47a43232-174c-467b-a18f-d38d0ed5c661/Pigment_Correction_Peel_PD.png","https://prod-flobooks-public.s3.amazonaws.com/uploads/thumbnail/thumbnail_images/47a43232-174c-467b-a18f-d38d0ed5c661/Pigment_Correction_Peel_04_.png","https://prod-flobooks-public.s3.amazonaws.com/uploads/thumbnail/thumbnail_images/47a43232-174c-467b-a18f-d38d0ed5c661/Pigment_Correction_Peel_02.png","https://prod-flobooks-public.s3.amazonaws.com/uploads/thumbnail/thumbnail_images/47a43232-174c-467b-a18f-d38d0ed5c661/Pigment_Correction_Peel_01.png"
"Pre Peel Cleanser, 100 ml"," 5% Glycolic Acid, Glyserlol, Propelene Glycol ","299","750","UNT","Misc","","","","","",""
"Pre Peel Cleanser, 30 ml"," Content : 5% Glycolic Acid, Glyserlol, Propelene Glycol                                                                        Key Benefits : it is possible to unify the pH of the  skin of the entire area to be treated so that the  peeling effect is much more uniform. ","150","450","UNT","Peels","","https://prod-flobooks-public.s3.amazonaws.com/uploads/thumbnail/thumbnail_images/3a3534f1-863f-4b61-aaa8-a3459e485463/Pre_Cleanser_1.png","https://prod-flobooks-public.s3.amazonaws.com/uploads/thumbnail/thumbnail_images/3a3534f1-863f-4b61-aaa8-a3459e485463/Pre_cleanser_PD.png","https://prod-flobooks-public.s3.amazonaws.com/uploads/thumbnail/thumbnail_images/3a3534f1-863f-4b61-aaa8-a3459e485463/Pre_Cleanser_2.png","https://prod-flobooks-public.s3.amazonaws.com/uploads/thumbnail/thumbnail_images/3a3534f1-863f-4b61-aaa8-a3459e485463/Pre_Cleanser_3.png","https://prod-flobooks-public.s3.amazonaws.com/uploads/thumbnail/thumbnail_images/3a3534f1-863f-4b61-aaa8-a3459e485463/Pre_Cleanser_4.png"
"Retinol Serum, 30ml"," Contents : Retinol 2.5%, Kojic Acid 2%, Niacinamide 5% ,  Key Benefits : Stimulates Collagen Production  and Accelerates skin Turnover, Smoothens fine lines and wrinkles and fades acne marks,  Discoloration and blemishes in the process. ","550","1650","UNT","Serums","","https://prod-flobooks-public.s3.amazonaws.com/uploads/thumbnail/thumbnail_images/4c9afb9f-8349-4457-8cf1-a7735711b183/Retinol_Serum.png","https://prod-flobooks-public.s3.amazonaws.com/uploads/thumbnail/thumbnail_images/4c9afb9f-8349-4457-8cf1-a7735711b183/Retinol_Serumin_vitamin__C__serum.png","https://prod-flobooks-public.s3.amazonaws.com/uploads/thumbnail/thumbnail_images/4c9afb9f-8349-4457-8cf1-a7735711b183/Retinol_Serum_1.png","https://prod-flobooks-public.s3.amazonaws.com/uploads/thumbnail/thumbnail_images/4c9afb9f-8349-4457-8cf1-a7735711b183/Retinol_Serum_2.png","https://prod-flobooks-public.s3.amazonaws.com/uploads/thumbnail/thumbnail_images/4c9afb9f-8349-4457-8cf1-a7735711b183/Retinol_Serum_3.png"
"Rosemary oil 15 ml"," Key Benefits : Rosemary oil contains antioxidants  that can help protect against cell damage and  reduce the risk of chronic diseases. Rosemary oil can help improve circulation, reduce
 inflammation, and promote healthy skin.  ","225","","PCS","Hair Products","","https://prod-flobooks-public.s3.amazonaws.com/uploads/thumbnail/thumbnail_images/d2a5c647-55fa-469b-be8c-9290df58e1fd/Rosemary_Oil_1.png","https://prod-flobooks-public.s3.amazonaws.com/uploads/thumbnail/thumbnail_images/d2a5c647-55fa-469b-be8c-9290df58e1fd/Rosemary_oil_PD.png","https://prod-flobooks-public.s3.amazonaws.com/uploads/thumbnail/thumbnail_images/d2a5c647-55fa-469b-be8c-9290df58e1fd/Rosemary_Oil_2.png","https://prod-flobooks-public.s3.amazonaws.com/uploads/thumbnail/thumbnail_images/d2a5c647-55fa-469b-be8c-9290df58e1fd/Rosemary_Oil_1.png",""
"Salicylic Ointment , 50 gms"," 70% Salicylic ","499","1500","UNT","Creams","","","","","",""
"Salicylic Peel 10%, 30 ml"," Contents : 10 % Salicylic Acid                                                                                                                           
 Key Benefits : Helps to Get rid of excess oil .  Exfoliate dead cell reduces inflammation. Treat
 Acne .  ","499","900","UNT","Peels","","https://prod-flobooks-public.s3.amazonaws.com/uploads/thumbnail/thumbnail_images/e9dee83a-74eb-4c11-8510-209061c0cc7b/Salicylic_Peel.png","https://prod-flobooks-public.s3.amazonaws.com/uploads/thumbnail/thumbnail_images/e9dee83a-74eb-4c11-8510-209061c0cc7b/Salicylic_Peel_PD.png","https://prod-flobooks-public.s3.amazonaws.com/uploads/thumbnail/thumbnail_images/e9dee83a-74eb-4c11-8510-209061c0cc7b/Salicylic_Peel_10___4_.png","https://prod-flobooks-public.s3.amazonaws.com/uploads/thumbnail/thumbnail_images/e9dee83a-74eb-4c11-8510-209061c0cc7b/Salicylic_Peel_10___2_.png","https://prod-flobooks-public.s3.amazonaws.com/uploads/thumbnail/thumbnail_images/e9dee83a-74eb-4c11-8510-209061c0cc7b/Salicylic_Peel_10___1_.png"
"Salicylic Peel 20%, 30 ml"," Contents : 20 % Salicylic Acid                                                                                                                            
Key Benefits : Helps to Get rid of excess oil. Exfoliate dead cell reduces inflammation. Treat
 Acne
  ","550","1050","UNT","Peels","","https://prod-flobooks-public.s3.amazonaws.com/uploads/thumbnail/thumbnail_images/66b3f59a-1f8b-452c-ae2b-b4648d81eafd/Salicylic_Peel.png","https://prod-flobooks-public.s3.amazonaws.com/uploads/thumbnail/thumbnail_images/66b3f59a-1f8b-452c-ae2b-b4648d81eafd/Salicylic_Peel_PD.png","https://prod-flobooks-public.s3.amazonaws.com/uploads/thumbnail/thumbnail_images/66b3f59a-1f8b-452c-ae2b-b4648d81eafd/Salicylic_Peel_20___4_.png","https://prod-flobooks-public.s3.amazonaws.com/uploads/thumbnail/thumbnail_images/66b3f59a-1f8b-452c-ae2b-b4648d81eafd/Salicylic_Peel_20____2_.png","https://prod-flobooks-public.s3.amazonaws.com/uploads/thumbnail/thumbnail_images/66b3f59a-1f8b-452c-ae2b-b4648d81eafd/Salicylic_Peel_20____1_.png"
"Salicylic Peel 30%, 30 ml"," Contents : 30 % Salicylic Acid                                                                                                                            
Key Benefits : Helps to Get rid of excess oil. Exfoliate dead cell reduces inflammation. Treat
 Acne ","599","1200","UNT","Peels","","https://prod-flobooks-public.s3.amazonaws.com/uploads/thumbnail/thumbnail_images/0b5916bd-5bb9-4c0b-8aa5-4d4daf06b556/Salicylic_Peel.png","https://prod-flobooks-public.s3.amazonaws.com/uploads/thumbnail/thumbnail_images/0b5916bd-5bb9-4c0b-8aa5-4d4daf06b556/Salicylic_Peel_PD.png","https://prod-flobooks-public.s3.amazonaws.com/uploads/thumbnail/thumbnail_images/0b5916bd-5bb9-4c0b-8aa5-4d4daf06b556/Sali-30-4.png","https://prod-flobooks-public.s3.amazonaws.com/uploads/thumbnail/thumbnail_images/0b5916bd-5bb9-4c0b-8aa5-4d4daf06b556/Sali-30-2.png","https://prod-flobooks-public.s3.amazonaws.com/uploads/thumbnail/thumbnail_images/0b5916bd-5bb9-4c0b-8aa5-4d4daf06b556/Sali-30-1.png"
"Sali Mandelic Peel, 30 ml"," Contents : Salicylic acid 20%, Mandelic acid 20% Key Benefits : It has the incredible efficacy to  exfoliate and brighten skin without being too  harsh.
  ","899","1575","UNT","Combination Peels","","https://prod-flobooks-public.s3.amazonaws.com/uploads/thumbnail/thumbnail_images/a542c0d8-8035-4f09-85ed-774bd36a4337/Sali_Mandelic_Peel.png","https://prod-flobooks-public.s3.amazonaws.com/uploads/thumbnail/thumbnail_images/a542c0d8-8035-4f09-85ed-774bd36a4337/Sali_Mandelic__Peel_PD.png","https://prod-flobooks-public.s3.amazonaws.com/uploads/thumbnail/thumbnail_images/a542c0d8-8035-4f09-85ed-774bd36a4337/Sali_Mandelic_02.png","https://prod-flobooks-public.s3.amazonaws.com/uploads/thumbnail/thumbnail_images/a542c0d8-8035-4f09-85ed-774bd36a4337/Sali_Mandelic_01.png","https://prod-flobooks-public.s3.amazonaws.com/uploads/thumbnail/thumbnail_images/a542c0d8-8035-4f09-85ed-774bd36a4337/Sali_Mandelic__04.png"
"SGC Peel, 30 ml"," Contents : Glycolic acid 25%, Salicylic acid 18%, Citric acid 8% Key Benefits : Sgc peels are effective for  removing blackheads, whiteheads, and pimples  from skin. 
 ","899","1950","UNT","Combination Peels","","https://prod-flobooks-public.s3.amazonaws.com/uploads/thumbnail/thumbnail_images/11e6bc8d-6feb-41f2-9cd4-65f1112592af/SGC_Peel_mockup.png","https://prod-flobooks-public.s3.amazonaws.com/uploads/thumbnail/thumbnail_images/11e6bc8d-6feb-41f2-9cd4-65f1112592af/SGC_Peel_PD.png","https://prod-flobooks-public.s3.amazonaws.com/uploads/thumbnail/thumbnail_images/11e6bc8d-6feb-41f2-9cd4-65f1112592af/SGC_Peel_04.png","https://prod-flobooks-public.s3.amazonaws.com/uploads/thumbnail/thumbnail_images/11e6bc8d-6feb-41f2-9cd4-65f1112592af/SGC_Peel_02_.png","https://prod-flobooks-public.s3.amazonaws.com/uploads/thumbnail/thumbnail_images/11e6bc8d-6feb-41f2-9cd4-65f1112592af/SGC_Peel_01.png"
"TCA Peel 10%, 30 ml"," Contents : 10% Trichloro Acetic Acid                                                                                                             
Key Benefits : Minimize fine lines Â· Reverses sun damage. Treat acne scars. Effective against
 melasma. Reduces pigmentation. ","499","900","UNT","Peels","","https://prod-flobooks-public.s3.amazonaws.com/uploads/thumbnail/thumbnail_images/2dab169b-f80f-4f64-9cc8-f02fb2e94ed3/TCA_Peel.png","https://prod-flobooks-public.s3.amazonaws.com/uploads/thumbnail/thumbnail_images/2dab169b-f80f-4f64-9cc8-f02fb2e94ed3/TCA_Peel_PD.png","https://prod-flobooks-public.s3.amazonaws.com/uploads/thumbnail/thumbnail_images/2dab169b-f80f-4f64-9cc8-f02fb2e94ed3/TCA_Peel_10____3_.png","https://prod-flobooks-public.s3.amazonaws.com/uploads/thumbnail/thumbnail_images/2dab169b-f80f-4f64-9cc8-f02fb2e94ed3/TCA_Peel_10____2_.png","https://prod-flobooks-public.s3.amazonaws.com/uploads/thumbnail/thumbnail_images/2dab169b-f80f-4f64-9cc8-f02fb2e94ed3/TCA_Peel_10____1_.png"
"TCA Peel 20%, 30 ml"," Contents : 20% Trichloro Acetic Acid                                                                                                             
Key Benefits : Minimize fine lines Â· Reverses sun damage. Treat acne scars. Effective against
 melasma. Reduces pigmentation. ","550","1050","UNT","Peels","","https://prod-flobooks-public.s3.amazonaws.com/uploads/thumbnail/thumbnail_images/ee1d5070-4283-45d9-891f-e6c579466d2a/TCA_Peel.png","https://prod-flobooks-public.s3.amazonaws.com/uploads/thumbnail/thumbnail_images/ee1d5070-4283-45d9-891f-e6c579466d2a/TCA_Peel_PD.png","https://prod-flobooks-public.s3.amazonaws.com/uploads/thumbnail/thumbnail_images/ee1d5070-4283-45d9-891f-e6c579466d2a/TCA_Peel_20___4_.png","https://prod-flobooks-public.s3.amazonaws.com/uploads/thumbnail/thumbnail_images/ee1d5070-4283-45d9-891f-e6c579466d2a/TCA_Peel_20___2_.png","https://prod-flobooks-public.s3.amazonaws.com/uploads/thumbnail/thumbnail_images/ee1d5070-4283-45d9-891f-e6c579466d2a/TCA_Peel_20___1_.png"
"TCA Peel 30%, 30 ml"," Contents : 30% Trichloro Acetic Acid                                                                                                             
Key Benefits : Minimize fine lines Â· Reverses sun damage. Treat acne scars. Effective against
 melasma. Reduces pigmentation. ","599","1200","UNT","Peels","","https://prod-flobooks-public.s3.amazonaws.com/uploads/thumbnail/thumbnail_images/52843344-8aef-4b98-918f-f94e4bb61818/TCA_Peel.png","https://prod-flobooks-public.s3.amazonaws.com/uploads/thumbnail/thumbnail_images/52843344-8aef-4b98-918f-f94e4bb61818/TCA_Peel_PD.png","https://prod-flobooks-public.s3.amazonaws.com/uploads/thumbnail/thumbnail_images/52843344-8aef-4b98-918f-f94e4bb61818/TCA_Peel_30___4_.png","https://prod-flobooks-public.s3.amazonaws.com/uploads/thumbnail/thumbnail_images/52843344-8aef-4b98-918f-f94e4bb61818/TCA_Peel_30___2_.png","https://prod-flobooks-public.s3.amazonaws.com/uploads/thumbnail/thumbnail_images/52843344-8aef-4b98-918f-f94e4bb61818/TCA_Peel_30___1_.png"
"TCA Peel 40%, 30 ml"," Contents : 40% Trichloro Acetic Acid                                                                                                             
Key Benefits : Minimize fine lines Â· Reverses sun damage. Treat acne scars. Effective against
 melasma. Reduces pigmentation. ","650","1350","UNT","Peels","","https://prod-flobooks-public.s3.amazonaws.com/uploads/thumbnail/thumbnail_images/bb10fbf4-14f3-462e-8f8c-e9d8953b04ce/TCA_Peel.png","https://prod-flobooks-public.s3.amazonaws.com/uploads/thumbnail/thumbnail_images/bb10fbf4-14f3-462e-8f8c-e9d8953b04ce/TCA_Peel_PD.png","https://prod-flobooks-public.s3.amazonaws.com/uploads/thumbnail/thumbnail_images/bb10fbf4-14f3-462e-8f8c-e9d8953b04ce/TCA_Peel_40___4_.png","https://prod-flobooks-public.s3.amazonaws.com/uploads/thumbnail/thumbnail_images/bb10fbf4-14f3-462e-8f8c-e9d8953b04ce/TCA_Peel_40___2_.png","https://prod-flobooks-public.s3.amazonaws.com/uploads/thumbnail/thumbnail_images/bb10fbf4-14f3-462e-8f8c-e9d8953b04ce/TCA_Peel_40___1_.png"
"TCA Peel 50%, 30 ml"," Contents : 50% Trichloro Acetic Acid                                                                                                             
Key Benefits : Minimize fine lines Â· Reverses sun damage. Treat acne scars. Effective against
 melasma. Reduces pigmentation. ","699","1500","UNT","Peels","","https://prod-flobooks-public.s3.amazonaws.com/uploads/thumbnail/thumbnail_images/89413657-4a3d-4cac-aa53-a464d2ee2fa7/TCA_Peel.png","https://prod-flobooks-public.s3.amazonaws.com/uploads/thumbnail/thumbnail_images/89413657-4a3d-4cac-aa53-a464d2ee2fa7/TCA_Peel_PD.png","https://prod-flobooks-public.s3.amazonaws.com/uploads/thumbnail/thumbnail_images/89413657-4a3d-4cac-aa53-a464d2ee2fa7/TCA_Peel_50___2_.png","https://prod-flobooks-public.s3.amazonaws.com/uploads/thumbnail/thumbnail_images/89413657-4a3d-4cac-aa53-a464d2ee2fa7/TCA_Peel_50___1_.png","https://prod-flobooks-public.s3.amazonaws.com/uploads/thumbnail/thumbnail_images/89413657-4a3d-4cac-aa53-a464d2ee2fa7/TCA_Peel_50____4_.png"
"TCA Peel 70%, 30 ml"," Contents : 70% Trichloro Acetic Acid                                                                                                             
Key Benefits : Minimize fine lines Â· Reverses sun damage. Treat acne scars. Effective against
 melasma. Reduces pigmentation. ","799","1800","UNT","Peels","","https://prod-flobooks-public.s3.amazonaws.com/uploads/thumbnail/thumbnail_images/30e651b8-e891-4802-b3ff-8ed8eb72b9ef/TCA_Peel.png","https://prod-flobooks-public.s3.amazonaws.com/uploads/thumbnail/thumbnail_images/30e651b8-e891-4802-b3ff-8ed8eb72b9ef/TCA_Peel_PD.png","https://prod-flobooks-public.s3.amazonaws.com/uploads/thumbnail/thumbnail_images/30e651b8-e891-4802-b3ff-8ed8eb72b9ef/TCA-70-4.png","https://prod-flobooks-public.s3.amazonaws.com/uploads/thumbnail/thumbnail_images/30e651b8-e891-4802-b3ff-8ed8eb72b9ef/TCA-70-2.png","https://prod-flobooks-public.s3.amazonaws.com/uploads/thumbnail/thumbnail_images/30e651b8-e891-4802-b3ff-8ed8eb72b9ef/TCA-70-1.png"
"Under Arm Peel, 30 ml"," Contents : Glycolic Acid 20%, TCA 15%, Lactic Acid 20%, Kojic Acid 10%  Key Benefits : Chemical peels help in  rejuvenation and repair of the skin. Chemical  peel brightens and even out your skin tone by  reducing the appearance of hyperpigmentation
 and skin discoloration.
 ","899","1950","UNT","Combination Peels","","https://prod-flobooks-public.s3.amazonaws.com/uploads/thumbnail/thumbnail_images/7ee1c9ed-7d49-4ba4-9308-e4a54093c61b/underarm_peel.png","https://prod-flobooks-public.s3.amazonaws.com/uploads/thumbnail/thumbnail_images/7ee1c9ed-7d49-4ba4-9308-e4a54093c61b/Under_Arm_Peel_PD.png","https://prod-flobooks-public.s3.amazonaws.com/uploads/thumbnail/thumbnail_images/7ee1c9ed-7d49-4ba4-9308-e4a54093c61b/Under_Arm_Peel_04_.png","https://prod-flobooks-public.s3.amazonaws.com/uploads/thumbnail/thumbnail_images/7ee1c9ed-7d49-4ba4-9308-e4a54093c61b/Under_Arm_Peel_02_.png","https://prod-flobooks-public.s3.amazonaws.com/uploads/thumbnail/thumbnail_images/7ee1c9ed-7d49-4ba4-9308-e4a54093c61b/Under_Arm_Peel_01_.png"
"Nomelan phenol body peel 1000 ml","  ","6900","","PCS","Misc","","","","","",""
"Urea Ointment, 50 gms"," Urea 10% to 70% ","295","900","UNT","Creams","","","","","",""
"Vitamin C Serum, 30 ml"," Contents : Kojic Acid 5%,
Key Benefits :  Hydrating, brightening anti inflammatory, hyperpigmentation under eye circle collagen firming photo ageing sun burn. ","399","1200","UNT","Serums","","https://prod-flobooks-public.s3.amazonaws.com/uploads/thumbnail/thumbnail_images/d21b384c-ca96-4732-8232-994db92b4181/Vitamin_C_serum.png","https://prod-flobooks-public.s3.amazonaws.com/uploads/thumbnail/thumbnail_images/d21b384c-ca96-4732-8232-994db92b4181/Vitamin_C_1.png","https://prod-flobooks-public.s3.amazonaws.com/uploads/thumbnail/thumbnail_images/d21b384c-ca96-4732-8232-994db92b4181/Vitamin_C_2.png","https://prod-flobooks-public.s3.amazonaws.com/uploads/thumbnail/thumbnail_images/d21b384c-ca96-4732-8232-994db92b4181/Vitamin_C_4.png","https://prod-flobooks-public.s3.amazonaws.com/uploads/thumbnail/thumbnail_images/d21b384c-ca96-4732-8232-994db92b4181/Vitamin_C_Serum.png"
"Vitamin E Serum, 30 ml"," Contents :Pure Vitamin 'E'.  Key Benefits : it helps with Mostruising the skin ,
 Wound healing, Reducing skin itching
 ,Preventing or minimizing the appearance of
 scars and sun burn prevention. ","325","1200","UNT","Serums","","https://prod-flobooks-public.s3.amazonaws.com/uploads/thumbnail/thumbnail_images/58e7a1f3-9612-4f56-9ebc-1b9c1513b2a5/Pure_Vitamin_E.png","https://prod-flobooks-public.s3.amazonaws.com/uploads/thumbnail/thumbnail_images/58e7a1f3-9612-4f56-9ebc-1b9c1513b2a5/Vitamin_E.png","https://prod-flobooks-public.s3.amazonaws.com/uploads/thumbnail/thumbnail_images/58e7a1f3-9612-4f56-9ebc-1b9c1513b2a5/Vitamin_E_3.png","https://prod-flobooks-public.s3.amazonaws.com/uploads/thumbnail/thumbnail_images/58e7a1f3-9612-4f56-9ebc-1b9c1513b2a5/Vitamin_E_4.png",""
"Whitening Peel, 30 ml"," Contents : Glycolic Acid 30%, Kojic Acid 15% Key Benefits : Whitening peels can help reduce
 hyperpigmentation and even out skin tone. They work by removing the outermost layer of skin,  which can help reduce the appearance of dark  spots and other discoloration. ","899","1950","UNT","Combination Peels","","https://prod-flobooks-public.s3.amazonaws.com/uploads/thumbnail/thumbnail_images/8767e09e-64e9-4e16-9f76-4b199b513e78/whitening_peelt.jpg","https://prod-flobooks-public.s3.amazonaws.com/uploads/thumbnail/thumbnail_images/8767e09e-64e9-4e16-9f76-4b199b513e78/Whitening_Peel.png","https://prod-flobooks-public.s3.amazonaws.com/uploads/thumbnail/thumbnail_images/8767e09e-64e9-4e16-9f76-4b199b513e78/Whitening_Peel_04_.png","https://prod-flobooks-public.s3.amazonaws.com/uploads/thumbnail/thumbnail_images/8767e09e-64e9-4e16-9f76-4b199b513e78/Whitening_Peel_02_.png","https://prod-flobooks-public.s3.amazonaws.com/uploads/thumbnail/thumbnail_images/8767e09e-64e9-4e16-9f76-4b199b513e78/Whitening_Peel_01_.png"
"Yellow Peel, 30 ml"," Content : Lactic Acid 20%, Kojic Acid 10%, Glycolic Acid 30%, Retinol 20% Key Benefits : Yellow peel help to suppress pigmentation and increase cellular turnover. it also
 helps in softening of wrinkles and acne scars,  reduction in pore size . ","1275","3150","UNT","Combination Peels","","https://prod-flobooks-public.s3.amazonaws.com/uploads/thumbnail/thumbnail_images/b42e727a-ba4f-43b3-b85e-6b1cdb0a872f/Yellow_Peel.png","https://prod-flobooks-public.s3.amazonaws.com/uploads/thumbnail/thumbnail_images/b42e727a-ba4f-43b3-b85e-6b1cdb0a872f/Yellow_PeelG_Peel.png","https://prod-flobooks-public.s3.amazonaws.com/uploads/thumbnail/thumbnail_images/b42e727a-ba4f-43b3-b85e-6b1cdb0a872f/Yellow_Peel_04.png","https://prod-flobooks-public.s3.amazonaws.com/uploads/thumbnail/thumbnail_images/b42e727a-ba4f-43b3-b85e-6b1cdb0a872f/Yellow_Peel_02.png","https://prod-flobooks-public.s3.amazonaws.com/uploads/thumbnail/thumbnail_images/b42e727a-ba4f-43b3-b85e-6b1cdb0a872f/Yellow_Peel_01.png"